Date,AAPL
1990-2-1,7.86
1990-2-2,8
1990-2-5,8.18
1990-2-6,8.12
1990-2-7,7.77
1990-2-8,7.71
1990-2-9,8
1990-2-12,7.94
1990-2-13,8.06
1990-2-14,8
1990-2-15,8
1990-2-16,7.91
1990-2-20,7.85
1990-2-21,7.97
1990-2-22,7.73
1990-2-23,7.79
1990-2-26,7.97
1990-2-27,7.85
1990-2-28,7.97
1990-3-1,8.03
1990-3-2,7.91
1990-3-5,8.08
1990-3-6,8.26
1990-3-7,8.29
1990-3-8,8.61
1990-3-9,8.64
1990-3-12,8.58
1990-3-13,8.64
1990-3-14,8.67
1990-3-15,8.61
1990-3-16,9.43
1990-3-19,9.93
1990-3-20,9.7
1990-3-21,9.76
1990-3-22,9.55
1990-3-23,9.9
1990-3-26,9.9
1990-3-27,9.84
1990-3-28,9.67
1990-3-29,9.64
1990-3-30,9.43
1990-4-2,9.43
1990-4-3,9.78
1990-4-4,9.67
1990-4-5,9.43
1990-4-6,9.35
1990-4-9,9.64
1990-4-10,9.67
1990-4-11,9.96
1990-4-12,10.13
1990-4-16,10.25
1990-4-17,10.13
1990-4-18,10.13
1990-4-19,9.43
1990-4-20,9.43
1990-4-23,9.31
1990-4-24,9.08
1990-4-25,9.08
1990-4-26,9.11
1990-4-27,9.17
1990-4-30,9.23
1990-5-1,9.29
1990-5-2,9.31
1990-5-3,9.37
1990-5-4,9.37
1990-5-7,9.72
1990-5-8,9.78
1990-5-9,9.81
1990-5-10,9.7
1990-5-11,9.99
1990-5-14,9.78
1990-5-15,9.78
1990-5-16,9.76
1990-5-17,9.72
1990-5-18,9.31
1990-5-21,9.28
1990-5-22,9.72
1990-5-23,9.87
1990-5-24,9.87
1990-5-25,9.4
1990-5-29,9.63
1990-5-30,9.72
1990-5-31,9.69
1990-6-1,9.58
1990-6-4,9.58
1990-6-5,9.28
1990-6-6,9.28
1990-6-7,9.16
1990-6-8,8.99
1990-6-11,9.16
1990-6-12,9.52
1990-6-13,9.34
1990-6-14,9.34
1990-6-15,9.28
1990-6-18,9.22
1990-6-19,9.31
1990-6-20,9.4
1990-6-21,9.84
1990-6-22,9.75
1990-6-25,9.69
1990-6-26,9.55
1990-6-27,9.75
1990-6-28,10.1
1990-6-29,10.52
1990-7-2,10.34
1990-7-3,10.34
1990-7-5,10.22
1990-7-6,10.52
1990-7-9,10.96
1990-7-10,11.04
1990-7-11,11.04
1990-7-12,11.13
1990-7-13,10.99
1990-7-16,10.72
1990-7-17,10.4
1990-7-18,10.49
1990-7-19,9.81
1990-7-20,9.63
1990-7-23,9.75
1990-7-24,9.9
1990-7-25,9.93
1990-7-26,9.72
1990-7-27,9.72
1990-7-30,9.96
1990-7-31,9.87
1990-8-1,9.96
1990-8-2,10.22
1990-8-3,9.69
1990-8-6,9.28
1990-8-7,9.28
1990-8-8,9.43
1990-8-9,9.28
1990-8-10,9.11
1990-8-13,9.37
1990-8-14,9.34
1990-8-15,9.22
1990-8-16,9.05
1990-8-17,8.58
1990-8-20,8.66
1990-8-21,8.54
1990-8-22,8.28
1990-8-23,8.13
1990-8-24,8.37
1990-8-27,8.9
1990-8-28,8.99
1990-8-29,8.78
1990-8-30,8.54
1990-8-31,8.72
1990-9-4,8.72
1990-9-5,8.48
1990-9-6,8.43
1990-9-7,8.57
1990-9-10,8.43
1990-9-11,8.01
1990-9-12,8.01
1990-9-13,7.95
1990-9-14,8.01
1990-9-17,7.95
1990-9-18,7.87
1990-9-19,7.66
1990-9-20,7.45
1990-9-21,7.42
1990-9-24,7.13
1990-9-25,7.07
1990-9-26,7.01
1990-9-27,6.66
1990-9-28,6.83
1990-10-1,7.19
1990-10-2,6.98
1990-10-3,6.36
1990-10-4,6.6
1990-10-5,6.6
1990-10-8,6.86
1990-10-9,6.6
1990-10-10,6.25
1990-10-11,6.54
1990-10-12,6.66
1990-10-15,6.54
1990-10-16,5.89
1990-10-17,6.25
1990-10-18,6.72
1990-10-19,7.39
1990-10-22,7.33
1990-10-23,7.31
1990-10-24,7.19
1990-10-25,7.07
1990-10-26,7.07
1990-10-29,7.04
1990-10-30,7.16
1990-10-31,7.25
1990-11-1,7.19
1990-11-2,7.48
1990-11-5,7.84
1990-11-6,7.9
1990-11-7,7.84
1990-11-8,8.13
1990-11-9,8.37
1990-11-12,8.54
1990-11-13,8.48
1990-11-14,8.72
1990-11-15,8.48
1990-11-16,8.31
1990-11-19,8.6
1990-11-20,8.39
1990-11-21,8.54
1990-11-23,8.6
1990-11-26,8.69
1990-11-27,8.87
1990-11-28,8.69
1990-11-29,8.69
1990-11-30,8.69
1990-12-3,9.02
1990-12-4,9.1
1990-12-5,9.49
1990-12-6,9.75
1990-12-7,10.05
1990-12-10,9.87
1990-12-11,9.46
1990-12-12,9.37
1990-12-13,9.64
1990-12-14,9.43
1990-12-17,9.49
1990-12-18,9.99
1990-12-19,9.9
1990-12-20,10.4
1990-12-21,10.64
1990-12-24,10.4
1990-12-26,10.35
1990-12-27,10.29
1990-12-28,10.17
1990-12-31,10.17
1991-1-2,10.29
1991-1-3,10.17
1991-1-4,10.23
1991-1-7,10.23
1991-1-8,10.23
1991-1-9,10.7
1991-1-10,11.15
1991-1-11,11.11
1991-1-14,10.94
1991-1-15,11.06
1991-1-16,11.76
1991-1-17,12.12
1991-1-18,11.88
1991-1-21,12
1991-1-22,12.12
1991-1-23,12.24
1991-1-24,12.33
1991-1-25,12.65
1991-1-28,12.89
1991-1-29,12.71
1991-1-30,13.12
1991-1-31,13.12
1991-2-1,13.18
1991-2-4,13.07
1991-2-5,13.66
1991-2-6,13.45
1991-2-7,13.66
1991-2-8,14.16
1991-2-11,14.51
1991-2-12,14.19
1991-2-13,14.19
1991-2-14,13.51
1991-2-15,13.66
1991-2-19,14.22
1991-2-20,14.46
1991-2-21,13.98
1991-2-22,14.16
1991-2-25,13.74
1991-2-26,13.8
1991-2-27,13.8
1991-2-28,13.57
1991-3-1,13.69
1991-3-4,13.83
1991-3-5,14.96
1991-3-6,14.93
1991-3-7,15.94
1991-3-8,15.4
1991-3-11,15.05
1991-3-12,14.9
1991-3-13,15.7
1991-3-14,15.46
1991-3-15,15.7
1991-3-18,16.06
1991-3-19,16.47
1991-3-20,16.06
1991-3-21,15.34
1991-3-22,14.99
1991-3-25,15.28
1991-3-26,16.59
1991-3-27,16.41
1991-3-28,16.11
1991-4-1,16.23
1991-4-2,17.24
1991-4-3,16.59
1991-4-4,16.94
1991-4-5,16.44
1991-4-8,16.59
1991-4-9,16.29
1991-4-10,15.85
1991-4-11,16.83
1991-4-12,17
1991-4-15,14.75
1991-4-16,15.23
1991-4-17,14.99
1991-4-18,14.46
1991-4-19,14.13
1991-4-22,14.57
1991-4-23,14.57
1991-4-24,14.4
1991-4-25,13.86
1991-4-26,13.89
1991-4-29,13.8
1991-4-30,13.03
1991-5-1,11.2
1991-5-2,11.61
1991-5-3,11.61
1991-5-6,11.91
1991-5-7,12
1991-5-8,11.79
1991-5-9,12.03
1991-5-10,12.14
1991-5-13,12.5
1991-5-14,12.68
1991-5-15,11.97
1991-5-16,11.61
1991-5-17,11.14
1991-5-20,10.51
1991-5-21,10.75
1991-5-22,10.99
1991-5-23,10.72
1991-5-24,10.9
1991-5-28,10.93
1991-5-29,11.17
1991-5-30,11.32
1991-5-31,11.17
1991-6-3,11.7
1991-6-4,11.67
1991-6-5,11.4
1991-6-6,11.08
1991-6-7,10.96
1991-6-10,10.93
1991-6-11,10.6
1991-6-12,10.07
1991-6-13,10.01
1991-6-14,9.77
1991-6-17,9.98
1991-6-18,10.01
1991-6-19,9.92
1991-6-20,9.98
1991-6-21,9.98
1991-6-24,9.92
1991-6-25,10.07
1991-6-26,10.22
1991-6-27,10.1
1991-6-28,9.86
1991-7-1,10.1
1991-7-2,10.04
1991-7-3,10.25
1991-7-5,10.84
1991-7-8,11.11
1991-7-9,11.14
1991-7-10,11.23
1991-7-11,11.11
1991-7-12,11.11
1991-7-15,10.81
1991-7-16,10.39
1991-7-17,10.1
1991-7-18,10.66
1991-7-19,10.93
1991-7-22,10.93
1991-7-23,10.69
1991-7-24,10.69
1991-7-25,10.75
1991-7-26,10.66
1991-7-29,10.81
1991-7-30,11.05
1991-7-31,10.99
1991-8-1,11.67
1991-8-2,11.88
1991-8-5,11.52
1991-8-6,11.76
1991-8-7,11.97
1991-8-8,12
1991-8-9,12.06
1991-8-12,12.29
1991-8-13,12.71
1991-8-14,13.04
1991-8-15,12.65
1991-8-16,12.65
1991-8-19,12.02
1991-8-20,12.14
1991-8-21,12.8
1991-8-22,12.92
1991-8-23,12.62
1991-8-26,12.62
1991-8-27,12.86
1991-8-28,12.68
1991-8-29,12.62
1991-8-30,12.62
1991-9-3,12.5
1991-9-4,12.26
1991-9-5,12.14
1991-9-6,12.26
1991-9-9,12.68
1991-9-10,11.94
1991-9-11,12.02
1991-9-12,12.06
1991-9-13,11.58
1991-9-16,11.25
1991-9-17,11.67
1991-9-18,11.94
1991-9-19,11.85
1991-9-20,12.06
1991-9-23,11.79
1991-9-24,11.97
1991-9-25,12.02
1991-9-26,11.91
1991-9-27,11.67
1991-9-30,11.79
1991-10-1,12.08
1991-10-2,11.85
1991-10-3,11.37
1991-10-4,11.49
1991-10-7,11.46
1991-10-8,11.49
1991-10-9,11.43
1991-10-10,11.37
1991-10-11,11.55
1991-10-14,11.88
1991-10-15,12.5
1991-10-16,12.74
1991-10-17,12.47
1991-10-18,13.1
1991-10-21,13.04
1991-10-22,12.98
1991-10-23,12.65
1991-10-24,12.41
1991-10-25,12.2
1991-10-28,12.26
1991-10-29,12.32
1991-10-30,11.85
1991-10-31,12.26
1991-11-1,12.14
1991-11-4,11.85
1991-11-5,11.61
1991-11-6,11.43
1991-11-7,11.85
1991-11-8,12.68
1991-11-11,12.8
1991-11-12,12.98
1991-11-13,12.89
1991-11-14,13.04
1991-11-15,11.91
1991-11-18,12.44
1991-11-19,12.23
1991-11-20,12.05
1991-11-21,12.17
1991-11-22,12.23
1991-11-25,12.23
1991-11-26,12.29
1991-11-27,12.17
1991-11-29,12.11
1991-12-2,12.35
1991-12-3,12.05
1991-12-4,12.05
1991-12-5,11.93
1991-12-6,11.64
1991-12-9,11.73
1991-12-10,11.73
1991-12-11,11.7
1991-12-12,11.79
1991-12-13,12.03
1991-12-16,12.05
1991-12-17,12.05
1991-12-18,12.35
1991-12-19,12.11
1991-12-20,11.99
1991-12-23,12.29
1991-12-24,12.47
1991-12-26,13.1
1991-12-27,13.13
1991-12-30,13.55
1991-12-31,13.46
1992-1-2,14.2
1992-1-3,14.08
1992-1-6,13.84
1992-1-7,14.11
1992-1-8,14.44
1992-1-9,14.86
1992-1-10,14.86
1992-1-13,14.8
1992-1-14,15.4
1992-1-15,15.16
1992-1-16,14.98
1992-1-17,15.46
1992-1-20,15.28
1992-1-21,14.59
1992-1-22,15.16
1992-1-23,15.4
1992-1-24,15.42
1992-1-27,15.4
1992-1-28,15.57
1992-1-29,15.1
1992-1-30,15.22
1992-1-31,15.46
1992-2-3,15.69
1992-2-4,15.69
1992-2-5,15.78
1992-2-6,15.3
1992-2-7,15.28
1992-2-10,15.07
1992-2-11,15.01
1992-2-12,15.57
1992-2-13,15.34
1992-2-14,15.33
1992-2-18,15.01
1992-2-19,14.83
1992-2-20,15.45
1992-2-21,15.54
1992-2-24,15.81
1992-2-25,16.38
1992-2-26,16.71
1992-2-27,16.38
1992-2-28,16.14
1992-3-2,16.08
1992-3-3,15.87
1992-3-4,15.54
1992-3-5,15.19
1992-3-6,15.3
1992-3-9,15.25
1992-3-10,15.25
1992-3-11,15.13
1992-3-12,15.01
1992-3-13,15.1
1992-3-16,15.16
1992-3-17,15.04
1992-3-18,15.25
1992-3-19,15.07
1992-3-20,15.13
1992-3-23,15.07
1992-3-24,15.54
1992-3-25,15.42
1992-3-26,15.3
1992-3-27,14.59
1992-3-30,13.9
1992-3-31,13.93
1992-4-1,14.11
1992-4-2,14.05
1992-4-3,14.11
1992-4-6,14.53
1992-4-7,13.69
1992-4-8,13.36
1992-4-9,13.69
1992-4-10,13.27
1992-4-13,13.51
1992-4-14,14.05
1992-4-15,14.47
1992-4-16,14.11
1992-4-20,13.57
1992-4-21,13.45
1992-4-22,13.78
1992-4-23,13.63
1992-4-24,13.51
1992-4-27,13.33
1992-4-28,12.97
1992-4-29,13.63
1992-4-30,14.38
1992-5-1,14.17
1992-5-4,14.47
1992-5-5,14.47
1992-5-6,14.77
1992-5-7,14.53
1992-5-8,14.83
1992-5-11,14.89
1992-5-12,14.89
1992-5-13,15.01
1992-5-14,14.68
1992-5-15,14.5
1992-5-18,14.44
1992-5-19,14.2
1992-5-20,14.35
1992-5-21,14.14
1992-5-22,14.23
1992-5-26,14.17
1992-5-27,14.41
1992-5-28,14.23
1992-5-29,14.29
1992-6-1,13.78
1992-6-2,13.54
1992-6-3,12.97
1992-6-4,13.06
1992-6-5,13.15
1992-6-8,13
1992-6-9,12.94
1992-6-10,12.88
1992-6-11,12.91
1992-6-12,13.09
1992-6-15,12.61
1992-6-16,11.8
1992-6-17,11.38
1992-6-18,10.84
1992-6-19,10.72
1992-6-22,10.6
1992-6-23,10.84
1992-6-24,11.02
1992-6-25,10.93
1992-6-26,10.84
1992-6-29,11.2
1992-6-30,11.5
1992-7-1,11.74
1992-7-2,11.08
1992-7-6,11.08
1992-7-7,10.6
1992-7-8,10.96
1992-7-9,10.99
1992-7-10,10.96
1992-7-13,11.26
1992-7-14,11.38
1992-7-15,11.5
1992-7-16,11.68
1992-7-17,10.78
1992-7-20,10.72
1992-7-21,10.96
1992-7-22,10.6
1992-7-23,10.72
1992-7-24,10.99
1992-7-27,10.84
1992-7-28,11.14
1992-7-29,11.32
1992-7-30,11.32
1992-7-31,11.2
1992-8-3,10.96
1992-8-4,10.9
1992-8-5,10.72
1992-8-6,10.54
1992-8-7,10.39
1992-8-10,10.57
1992-8-11,10.42
1992-8-12,10.57
1992-8-13,10.72
1992-8-14,10.72
1992-8-17,10.75
1992-8-18,10.75
1992-8-19,10.69
1992-8-20,10.75
1992-8-21,10.72
1992-8-24,10.39
1992-8-25,10.66
1992-8-26,10.63
1992-8-27,10.69
1992-8-28,10.81
1992-8-31,11.05
1992-9-1,11.17
1992-9-2,11.65
1992-9-3,11.47
1992-9-4,11.35
1992-9-8,11.47
1992-9-9,11.77
1992-9-10,11.83
1992-9-11,11.44
1992-9-14,11.89
1992-9-15,11.59
1992-9-16,11.29
1992-9-17,11.05
1992-9-18,11.17
1992-9-21,11.17
1992-9-22,10.99
1992-9-23,11.41
1992-9-24,11.11
1992-9-25,10.93
1992-9-28,10.75
1992-9-29,10.78
1992-9-30,10.84
1992-10-1,10.63
1992-10-2,10.51
1992-10-5,10.45
1992-10-6,10.75
1992-10-7,10.51
1992-10-8,10.45
1992-10-9,10.42
1992-10-12,10.57
1992-10-13,10.9
1992-10-14,11.05
1992-10-15,10.93
1992-10-16,11.77
1992-10-19,11.77
1992-10-20,11.8
1992-10-21,11.65
1992-10-22,11.71
1992-10-23,11.71
1992-10-26,12.37
1992-10-27,12.37
1992-10-28,12.55
1992-10-29,12.79
1992-10-30,12.61
1992-11-2,12.55
1992-11-3,12.49
1992-11-4,12.61
1992-11-5,13.21
1992-11-6,13.39
1992-11-9,13.27
1992-11-10,13.51
1992-11-11,13.63
1992-11-12,13.67
1992-11-13,13.51
1992-11-16,13.79
1992-11-17,13.27
1992-11-18,13.88
1992-11-19,14
1992-11-20,13.82
1992-11-23,13.63
1992-11-24,13.82
1992-11-25,13.57
1992-11-27,13.57
1992-11-30,13.84
1992-12-1,14.03
1992-12-2,13.78
1992-12-3,13.84
1992-12-4,13.7
1992-12-7,13.9
1992-12-8,14
1992-12-9,13.88
1992-12-10,13.78
1992-12-11,13.84
1992-12-14,13.78
1992-12-15,13.57
1992-12-16,13.24
1992-12-17,13.7
1992-12-18,14.03
1992-12-21,14.36
1992-12-22,14.6
1992-12-23,14.39
1992-12-24,14.21
1992-12-28,14.33
1992-12-29,14.36
1992-12-30,14.15
1992-12-31,14.39
1993-1-4,14.03
1993-1-5,14.27
1993-1-6,14.87
1993-1-7,14.69
1993-1-8,14.99
1993-1-11,15.44
1993-1-12,14.81
1993-1-13,15.29
1993-1-14,15.65
1993-1-15,14.51
1993-1-18,14.33
1993-1-19,14.39
1993-1-20,14.45
1993-1-21,14.45
1993-1-22,14.33
1993-1-25,14.45
1993-1-26,14.63
1993-1-27,14.51
1993-1-28,14.42
1993-1-29,14.33
1993-2-1,14.75
1993-2-2,14.51
1993-2-3,14.45
1993-2-4,14.33
1993-2-5,13.78
1993-2-8,13.6
1993-2-9,13.7
1993-2-10,13.42
1993-2-11,13.27
1993-2-12,13
1993-2-16,12.79
1993-2-17,13
1993-2-18,13.27
1993-2-19,13.27
1993-2-22,13.3
1993-2-23,13.09
1993-2-24,12.94
1993-2-25,13.21
1993-2-26,12.79
1993-3-1,12.85
1993-3-2,13.09
1993-3-3,13.18
1993-3-4,13.27
1993-3-5,13.27
1993-3-8,13.63
1993-3-9,13.69
1993-3-10,13.69
1993-3-11,13.73
1993-3-12,13.57
1993-3-15,13.75
1993-3-16,13.63
1993-3-17,13.3
1993-3-18,13.15
1993-3-19,12.97
1993-3-22,12.85
1993-3-23,12.73
1993-3-24,12.97
1993-3-25,13.21
1993-3-26,12.85
1993-3-29,12.31
1993-3-30,12.61
1993-3-31,12.43
1993-4-1,12.49
1993-4-2,12.1
1993-4-5,12.06
1993-4-6,11.76
1993-4-7,12.19
1993-4-8,12
1993-4-12,12.06
1993-4-13,11.7
1993-4-14,11.76
1993-4-15,11.4
1993-4-16,11.61
1993-4-19,11.7
1993-4-20,12.06
1993-4-21,11.98
1993-4-22,12.06
1993-4-23,11.88
1993-4-26,11.82
1993-4-27,12.13
1993-4-28,12.4
1993-4-29,12.25
1993-4-30,12.37
1993-5-3,12.52
1993-5-4,12.88
1993-5-5,13.15
1993-5-6,12.97
1993-5-7,13.21
1993-5-10,13.27
1993-5-11,13.15
1993-5-12,12.85
1993-5-13,13.39
1993-5-14,13.39
1993-5-17,13.45
1993-5-18,13.39
1993-5-19,13.81
1993-5-20,14.18
1993-5-21,13.87
1993-5-24,13.91
1993-5-25,13.6
1993-5-26,13.94
1993-5-27,13.87
1993-5-28,13.69
1993-6-1,13.78
1993-6-2,13.78
1993-6-3,13.63
1993-6-4,13.27
1993-6-7,12.27
1993-6-8,11.97
1993-6-9,10.7
1993-6-10,10.76
1993-6-11,10.58
1993-6-14,10.79
1993-6-15,10.16
1993-6-16,10.22
1993-6-17,9.97
1993-6-18,9.91
1993-6-21,9.58
1993-6-22,10.01
1993-6-23,9.79
1993-6-24,10.1
1993-6-25,9.67
1993-6-28,9.7
1993-6-29,9.43
1993-6-30,9.55
1993-7-1,9.19
1993-7-2,9.31
1993-7-6,9.13
1993-7-7,8.83
1993-7-8,8.83
1993-7-9,8.89
1993-7-12,9.19
1993-7-13,9.01
1993-7-14,9.01
1993-7-15,8.64
1993-7-16,6.65
1993-7-19,6.2
1993-7-20,6.5
1993-7-21,6.35
1993-7-22,6.41
1993-7-23,6.35
1993-7-26,6.5
1993-7-27,6.41
1993-7-28,6.5
1993-7-29,6.59
1993-7-30,6.71
1993-8-2,6.89
1993-8-3,7.01
1993-8-4,7.31
1993-8-5,7.13
1993-8-6,7.07
1993-8-9,7.19
1993-8-10,6.89
1993-8-11,6.65
1993-8-12,6.41
1993-8-13,6.62
1993-8-16,6.68
1993-8-17,6.89
1993-8-18,6.92
1993-8-19,6.68
1993-8-20,6.8
1993-8-23,6.89
1993-8-24,6.8
1993-8-25,6.62
1993-8-26,6.53
1993-8-27,6.44
1993-8-30,6.31
1993-8-31,6.44
1993-9-1,6.34
1993-9-2,6.25
1993-9-3,6.25
1993-9-7,6.38
1993-9-8,6.5
1993-9-9,6.31
1993-9-10,6.38
1993-9-13,6.13
1993-9-14,5.89
1993-9-15,5.95
1993-9-16,6.01
1993-9-17,6.13
1993-9-20,6.04
1993-9-21,5.95
1993-9-22,6.19
1993-9-23,6.01
1993-9-24,6.07
1993-9-27,6.01
1993-9-28,6.01
1993-9-29,5.8
1993-9-30,5.68
1993-10-1,5.53
1993-10-4,5.53
1993-10-5,5.71
1993-10-6,5.74
1993-10-7,5.59
1993-10-8,5.49
1993-10-11,5.77
1993-10-12,5.83
1993-10-13,5.83
1993-10-14,5.77
1993-10-15,6.86
1993-10-18,6.89
1993-10-19,6.74
1993-10-20,6.74
1993-10-21,7.35
1993-10-22,7.35
1993-10-25,7.29
1993-10-26,7.23
1993-10-27,7.71
1993-10-28,7.53
1993-10-29,7.47
1993-11-1,7.65
1993-11-2,7.95
1993-11-3,7.68
1993-11-4,7.83
1993-11-5,7.74
1993-11-8,7.47
1993-11-9,7.32
1993-11-10,7.47
1993-11-11,7.62
1993-11-12,7.71
1993-11-15,7.77
1993-11-16,8.26
1993-11-17,8.14
1993-11-18,8.14
1993-11-19,8.04
1993-11-22,7.92
1993-11-23,8.04
1993-11-24,8.04
1993-11-26,7.95
1993-11-29,7.74
1993-11-30,7.68
1993-12-1,7.68
1993-12-2,7.74
1993-12-3,7.68
1993-12-6,7.86
1993-12-7,7.86
1993-12-8,7.77
1993-12-9,7.31
1993-12-10,6.89
1993-12-13,7.19
1993-12-14,7.1
1993-12-15,7.25
1993-12-16,7.16
1993-12-17,7.19
1993-12-20,6.95
1993-12-21,6.7
1993-12-22,6.82
1993-12-23,6.64
1993-12-27,6.95
1993-12-28,7.1
1993-12-29,6.95
1993-12-30,7.25
1993-12-31,7.13
1994-1-3,7.28
1994-1-4,7.68
1994-1-5,8.23
1994-1-6,7.98
1994-1-7,8.08
1994-1-10,8.2
1994-1-11,7.77
1994-1-12,7.43
1994-1-13,7.46
1994-1-14,7.56
1994-1-17,7.4
1994-1-18,7.16
1994-1-19,7.13
1994-1-20,7.28
1994-1-21,8.14
1994-1-24,8.53
1994-1-25,8.26
1994-1-26,8.17
1994-1-27,8.32
1994-1-28,8.29
1994-1-31,7.98
1994-2-1,8.1
1994-2-2,8.04
1994-2-3,8.17
1994-2-4,8.17
1994-2-7,8.93
1994-2-8,8.75
1994-2-9,8.87
1994-2-10,8.93
1994-2-11,9.05
1994-2-14,9.05
1994-2-15,9.08
1994-2-16,8.99
1994-2-17,9.05
1994-2-18,8.87
1994-2-22,9.11
1994-2-23,9.11
1994-2-24,8.96
1994-2-25,8.81
1994-2-28,8.93
1994-3-1,8.87
1994-3-2,8.72
1994-3-3,8.75
1994-3-4,8.99
1994-3-7,9.27
1994-3-8,9.05
1994-3-9,9.17
1994-3-10,9.11
1994-3-11,9.11
1994-3-14,9.33
1994-3-15,9.2
1994-3-16,8.99
1994-3-17,8.93
1994-3-18,8.9
1994-3-21,8.68
1994-3-22,8.56
1994-3-23,8.59
1994-3-24,8.47
1994-3-25,8.01
1994-3-28,8.13
1994-3-29,8.01
1994-3-30,7.95
1994-3-31,8.13
1994-4-4,8.13
1994-4-5,8.19
1994-4-6,8.19
1994-4-7,8.17
1994-4-8,8.19
1994-4-11,8.19
1994-4-12,7.83
1994-4-13,7.77
1994-4-14,7.71
1994-4-15,7.4
1994-4-18,7.25
1994-4-19,7.09
1994-4-20,6.91
1994-4-21,7.25
1994-4-22,7.28
1994-4-25,7.58
1994-4-26,7.64
1994-4-28,7.4
1994-4-29,7.34
1994-5-2,7.58
1994-5-3,7.4
1994-5-4,8.07
1994-5-5,8.04
1994-5-6,7.9
1994-5-9,7.64
1994-5-10,7.58
1994-5-11,7.4
1994-5-12,7.26
1994-5-13,7.34
1994-5-16,7.22
1994-5-17,7.18
1994-5-18,7.49
1994-5-19,7.86
1994-5-20,7.6
1994-5-23,7.46
1994-5-24,7.52
1994-5-25,7.64
1994-5-26,7.46
1994-5-27,7.35
1994-5-31,7.18
1994-6-1,6.94
1994-6-2,6.72
1994-6-3,6.78
1994-6-6,6.72
1994-6-7,6.75
1994-6-8,6.41
1994-6-9,6.63
1994-6-10,6.51
1994-6-13,6.63
1994-6-14,6.65
1994-6-15,6.83
1994-6-16,6.48
1994-6-17,6.51
1994-6-20,6.66
1994-6-21,6.39
1994-6-22,6.45
1994-6-23,6.17
1994-6-24,6.29
1994-6-27,6.45
1994-6-28,6.57
1994-6-29,6.41
1994-6-30,6.51
1994-7-1,6.32
1994-7-5,6.51
1994-7-6,6.41
1994-7-7,6.58
1994-7-8,6.65
1994-7-11,6.63
1994-7-12,6.97
1994-7-13,7.29
1994-7-14,7.03
1994-7-15,6.94
1994-7-18,6.97
1994-7-19,6.8
1994-7-20,6.54
1994-7-21,6.88
1994-7-22,7.61
1994-7-25,7.78
1994-7-26,7.7
1994-7-27,7.63
1994-7-28,7.83
1994-7-29,8.27
1994-8-1,8.2
1994-8-2,8
1994-8-3,8.14
1994-8-4,8.17
1994-8-5,8.17
1994-8-8,8.29
1994-8-9,8.26
1994-8-10,8.5
1994-8-11,8.43
1994-8-12,8.53
1994-8-15,8.53
1994-8-16,8.56
1994-8-17,8.63
1994-8-18,8.53
1994-8-19,8.6
1994-8-22,8.6
1994-8-23,8.63
1994-8-24,8.6
1994-8-25,8.64
1994-8-26,8.81
1994-8-29,8.72
1994-8-30,8.93
1994-8-31,8.92
1994-9-1,8.63
1994-9-2,8.72
1994-9-6,8.76
1994-9-7,8.9
1994-9-8,8.9
1994-9-9,8.81
1994-9-12,8.81
1994-9-13,8.82
1994-9-14,8.66
1994-9-15,8.87
1994-9-16,8.97
1994-9-19,8.75
1994-9-20,8.52
1994-9-21,8.41
1994-9-22,8.35
1994-9-23,8.36
1994-9-26,8.36
1994-9-27,8.35
1994-9-28,8.35
1994-9-29,8.41
1994-9-30,8.3
1994-10-3,8.16
1994-10-4,8.32
1994-10-5,9.33
1994-10-6,8.93
1994-10-7,9.12
1994-10-10,9.58
1994-10-11,9.77
1994-10-12,10.38
1994-10-13,10.14
1994-10-14,10.14
1994-10-17,9.8
1994-10-18,10.17
1994-10-19,10.17
1994-10-20,10.1
1994-10-21,10.51
1994-10-24,10.41
1994-10-25,10.51
1994-10-26,10.66
1994-10-27,10.54
1994-10-28,10.38
1994-10-31,10.64
1994-11-1,10.63
1994-11-2,10.2
1994-11-3,10.23
1994-11-4,9.95
1994-11-7,10.04
1994-11-8,10.41
1994-11-9,10.26
1994-11-10,10.18
1994-11-11,10.14
1994-11-14,10.47
1994-11-15,10.2
1994-11-16,10.09
1994-11-17,9.86
1994-11-18,9.89
1994-11-21,9.42
1994-11-22,9.24
1994-11-23,9.12
1994-11-25,9.33
1994-11-28,9.35
1994-11-29,9.45
1994-11-30,9.21
1994-12-1,8.95
1994-12-2,9.04
1994-12-5,9.19
1994-12-6,9.28
1994-12-7,9.05
1994-12-8,8.87
1994-12-9,8.96
1994-12-12,9.02
1994-12-13,8.99
1994-12-14,9.36
1994-12-15,9.18
1994-12-16,9.21
1994-12-19,9.67
1994-12-20,9.52
1994-12-21,9.49
1994-12-22,9.55
1994-12-23,9.61
1994-12-27,9.67
1994-12-28,9.67
1994-12-29,9.76
1994-12-30,9.64
1995-1-3,9.49
1995-1-4,9.73
1995-1-5,9.61
1995-1-6,10.38
1995-1-9,10.18
1995-1-10,10.8
1995-1-11,11.56
1995-1-12,11.22
1995-1-13,11.09
1995-1-16,11
1995-1-17,11.12
1995-1-18,11.28
1995-1-19,11.34
1995-1-20,10.54
1995-1-23,10.44
1995-1-24,10.29
1995-1-25,10.13
1995-1-26,9.76
1995-1-27,9.86
1995-1-30,9.92
1995-1-31,9.98
1995-2-1,9.92
1995-2-2,10.29
1995-2-3,10.01
1995-2-6,10.01
1995-2-7,10.09
1995-2-8,10.46
1995-2-9,10.78
1995-2-10,10.81
1995-2-13,10.84
1995-2-14,10.64
1995-2-15,10.55
1995-2-16,10.7
1995-2-17,10.53
1995-2-21,10.16
1995-2-22,10.12
1995-2-23,9.96
1995-2-24,9.67
1995-2-27,9.48
1995-2-28,9.79
1995-3-1,9.91
1995-3-2,9.91
1995-3-3,9.98
1995-3-6,9.85
1995-3-7,9.5
1995-3-8,9.81
1995-3-9,9.85
1995-3-10,9.79
1995-3-13,9.45
1995-3-14,8.67
1995-3-15,8.67
1995-3-16,8.74
1995-3-17,8.71
1995-3-20,8.74
1995-3-21,8.98
1995-3-22,9.43
1995-3-23,9.2
1995-3-24,9.36
1995-3-27,9.22
1995-3-28,8.52
1995-3-29,8.52
1995-3-30,8.77
1995-3-31,8.74
1995-4-3,8.8
1995-4-4,8.4
1995-4-5,8.61
1995-4-6,9.11
1995-4-7,9.11
1995-4-10,9.08
1995-4-11,9.36
1995-4-12,9.67
1995-4-13,9.48
1995-4-17,9.51
1995-4-18,9.29
1995-4-19,9.02
1995-4-20,9.33
1995-4-21,9.7
1995-4-24,9.67
1995-4-25,9.36
1995-4-26,9.48
1995-4-27,9.39
1995-4-28,9.48
1995-5-1,9.48
1995-5-2,9.45
1995-5-3,9.45
1995-5-4,9.54
1995-5-5,9.64
1995-5-8,10.04
1995-5-9,10.22
1995-5-10,10.27
1995-5-11,10.16
1995-5-12,10.81
1995-5-15,10.81
1995-5-16,10.84
1995-5-17,10.91
1995-5-18,10.75
1995-5-19,10.6
1995-5-22,10.94
1995-5-23,10.88
1995-5-24,10.78
1995-5-25,10.75
1995-5-26,10.61
1995-5-30,10.44
1995-5-31,10.33
1995-6-1,10.49
1995-6-2,10.47
1995-6-5,10.81
1995-6-6,10.94
1995-6-7,10.72
1995-6-8,10.67
1995-6-9,10.81
1995-6-12,10.98
1995-6-13,10.94
1995-6-14,10.84
1995-6-15,10.84
1995-6-16,10.91
1995-6-19,11.03
1995-6-20,11.78
1995-6-21,12.27
1995-6-22,12.21
1995-6-23,12.12
1995-6-26,11.96
1995-6-27,11.53
1995-6-28,11.59
1995-6-29,11.74
1995-6-30,11.54
1995-7-3,11.67
1995-7-5,11.56
1995-7-6,11.68
1995-7-7,12.09
1995-7-10,12.09
1995-7-11,11.71
1995-7-12,11.68
1995-7-13,11.84
1995-7-14,12.12
1995-7-17,12.18
1995-7-18,11.96
1995-7-19,11.31
1995-7-20,11.7
1995-7-21,10.87
1995-7-24,11.28
1995-7-25,11.37
1995-7-26,11.28
1995-7-27,11.63
1995-7-28,11.31
1995-7-31,11.18
1995-8-1,10.81
1995-8-2,11.03
1995-8-3,11.18
1995-8-4,11
1995-8-7,10.78
1995-8-8,10.56
1995-8-9,10.72
1995-8-10,10.63
1995-8-11,10.7
1995-8-14,10.78
1995-8-15,10.95
1995-8-16,11.09
1995-8-17,11.12
1995-8-18,11.19
1995-8-21,11
1995-8-22,11.15
1995-8-23,11.34
1995-8-24,11.4
1995-8-25,11.15
1995-8-28,10.72
1995-8-29,10.75
1995-8-30,10.81
1995-8-31,10.72
1995-9-1,10.7
1995-9-5,10.84
1995-9-6,10.9
1995-9-7,11.15
1995-9-8,11.15
1995-9-11,11.03
1995-9-12,10.7
1995-9-13,10.56
1995-9-14,9.97
1995-9-15,8.94
1995-9-18,9.14
1995-9-19,9.16
1995-9-20,9.13
1995-9-21,9.22
1995-9-22,9.24
1995-9-25,9.35
1995-9-26,9.32
1995-9-27,9.03
1995-9-28,9.41
1995-9-29,9.28
1995-10-2,9.38
1995-10-3,9.38
1995-10-4,9.07
1995-10-5,9.1
1995-10-6,8.89
1995-10-9,8.68
1995-10-10,8.65
1995-10-11,8.69
1995-10-12,8.8
1995-10-13,8.97
1995-10-16,9
1995-10-17,9.13
1995-10-18,9.32
1995-10-19,8.66
1995-10-20,8.76
1995-10-23,8.76
1995-10-24,8.76
1995-10-25,8.66
1995-10-26,8.69
1995-10-27,8.66
1995-10-30,8.79
1995-10-31,9.05
1995-11-1,9.13
1995-11-2,9.13
1995-11-3,9.1
1995-11-6,9.5
1995-11-7,9.88
1995-11-8,9.69
1995-11-9,9.81
1995-11-10,9.91
1995-11-13,10.19
1995-11-14,10.34
1995-11-15,10.22
1995-11-16,9.95
1995-11-17,10
1995-11-20,9.63
1995-11-21,9.66
1995-11-22,9.66
1995-11-24,10.05
1995-11-27,9.85
1995-11-28,10
1995-11-29,9.81
1995-11-30,9.53
1995-12-1,9.41
1995-12-4,9.88
1995-12-5,9.88
1995-12-6,9.69
1995-12-7,9.64
1995-12-8,9.85
1995-12-11,9.66
1995-12-12,9.5
1995-12-13,9.6
1995-12-14,9.56
1995-12-15,8.81
1995-12-18,8.06
1995-12-19,8.19
1995-12-20,8.16
1995-12-21,8.12
1995-12-22,8.06
1995-12-26,8.02
1995-12-27,8.1
1995-12-28,8
1995-12-29,7.97
1996-1-2,8.03
1996-1-3,8.03
1996-1-4,7.89
1996-1-5,8.56
1996-1-8,8.66
1996-1-9,8.19
1996-1-10,8.56
1996-1-11,8.75
1996-1-12,8.47
1996-1-15,8.53
1996-1-16,8.64
1996-1-17,8.5
1996-1-18,7.99
1996-1-19,7.47
1996-1-22,7.62
1996-1-23,7.91
1996-1-24,8.06
1996-1-25,7.56
1996-1-26,7.66
1996-1-29,7.28
1996-1-30,6.83
1996-1-31,6.91
1996-2-1,7.09
1996-2-2,7.31
1996-2-5,7.31
1996-2-6,7.41
1996-2-7,7.06
1996-2-8,6.97
1996-2-9,6.94
1996-2-12,7.09
1996-2-13,7.03
1996-2-14,6.91
1996-2-15,7
1996-2-16,6.88
1996-2-20,7.25
1996-2-21,7.41
1996-2-22,7.47
1996-2-23,7.47
1996-2-26,7.38
1996-2-27,7.16
1996-2-28,6.94
1996-2-29,6.88
1996-3-1,6.72
1996-3-4,6.56
1996-3-5,6.66
1996-3-6,6.55
1996-3-7,6.45
1996-3-8,6.5
1996-3-11,6.47
1996-3-12,6.45
1996-3-13,6.44
1996-3-14,6.41
1996-3-15,6.47
1996-3-18,6.53
1996-3-19,6.44
1996-3-20,6.31
1996-3-21,6.28
1996-3-22,6.34
1996-3-25,6
1996-3-26,5.97
1996-3-27,6.31
1996-3-28,6.05
1996-3-29,6.14
1996-4-1,6.38
1996-4-2,6.25
1996-4-3,6.14
1996-4-4,6.03
1996-4-8,6.09
1996-4-9,6.5
1996-4-10,6.5
1996-4-11,6.44
1996-4-12,6.38
1996-4-15,6.44
1996-4-16,6.47
1996-4-17,6.31
1996-4-18,6.19
1996-4-19,6.26
1996-4-22,6.28
1996-4-23,6.19
1996-4-24,6.06
1996-4-25,6.22
1996-4-26,6.19
1996-4-29,6.19
1996-4-30,6.09
1996-5-1,6.09
1996-5-2,5.94
1996-5-3,5.97
1996-5-6,6.41
1996-5-7,6.72
1996-5-8,6.69
1996-5-9,6.53
1996-5-10,6.81
1996-5-13,6.76
1996-5-14,6.88
1996-5-15,7.12
1996-5-16,7.09
1996-5-17,6.91
1996-5-20,6.99
1996-5-21,6.78
1996-5-22,6.51
1996-5-23,6.56
1996-5-24,6.69
1996-5-28,6.59
1996-5-29,6.22
1996-5-30,6.38
1996-5-31,6.53
1996-6-3,6.19
1996-6-4,6.05
1996-6-5,6.28
1996-6-6,6.06
1996-6-7,6.09
1996-6-10,6.03
1996-6-11,6
1996-6-12,6.06
1996-6-13,6.16
1996-6-14,5.99
1996-6-17,5.91
1996-6-18,5.69
1996-6-19,5.78
1996-6-20,5.69
1996-6-21,5.66
1996-6-24,5.56
1996-6-25,5.16
1996-6-26,4.97
1996-6-27,5.16
1996-6-28,5.25
1996-7-1,5.38
1996-7-2,5.25
1996-7-3,4.84
1996-7-5,4.88
1996-7-8,4.78
1996-7-9,4.75
1996-7-10,4.69
1996-7-11,4.47
1996-7-12,4.51
1996-7-15,4.3
1996-7-16,4.22
1996-7-17,4.22
1996-7-18,5.22
1996-7-19,5.19
1996-7-22,5.06
1996-7-23,5.12
1996-7-24,5.2
1996-7-25,5.25
1996-7-26,5.5
1996-7-29,5.56
1996-7-30,5.34
1996-7-31,5.5
1996-8-1,5.31
1996-8-2,5.41
1996-8-5,5.25
1996-8-6,5.38
1996-8-7,5.59
1996-8-8,5.53
1996-8-9,5.78
1996-8-12,5.75
1996-8-13,5.62
1996-8-14,5.69
1996-8-15,5.56
1996-8-16,5.62
1996-8-19,5.91
1996-8-20,5.88
1996-8-21,5.75
1996-8-22,5.81
1996-8-23,5.97
1996-8-26,6.03
1996-8-27,6.22
1996-8-28,6.22
1996-8-29,6.12
1996-8-30,6.06
1996-9-3,6.03
1996-9-4,6.03
1996-9-5,5.72
1996-9-6,5.75
1996-9-9,5.5
1996-9-10,5.38
1996-9-11,5.28
1996-9-12,5.09
1996-9-13,5.25
1996-9-16,5.59
1996-9-17,5.75
1996-9-18,5.88
1996-9-19,5.84
1996-9-20,5.72
1996-9-23,5.59
1996-9-24,5.62
1996-9-25,5.59
1996-9-26,5.59
1996-9-27,5.58
1996-9-30,5.55
1996-10-1,6.16
1996-10-2,5.91
1996-10-3,5.59
1996-10-4,5.7
1996-10-7,5.78
1996-10-8,5.81
1996-10-9,5.75
1996-10-10,6.05
1996-10-11,6.06
1996-10-14,6.31
1996-10-15,6.31
1996-10-16,6.44
1996-10-17,6.59
1996-10-18,6.64
1996-10-21,6.41
1996-10-22,6.22
1996-10-23,6.19
1996-10-24,6.19
1996-10-25,6.12
1996-10-28,6.12
1996-10-29,5.81
1996-10-30,5.72
1996-10-31,5.75
1996-11-1,6.06
1996-11-4,6.09
1996-11-5,6.38
1996-11-6,6.38
1996-11-7,6.47
1996-11-8,6.56
1996-11-11,6.5
1996-11-12,6.31
1996-11-13,6.39
1996-11-14,6.41
1996-11-15,6.25
1996-11-18,6.19
1996-11-19,6.22
1996-11-20,6.25
1996-11-21,6.12
1996-11-22,6.31
1996-11-25,6.25
1996-11-26,6.06
1996-11-27,6.12
1996-11-29,6.03
1996-12-2,6.28
1996-12-3,6.28
1996-12-4,6.25
1996-12-5,6.25
1996-12-6,6.28
1996-12-9,6.25
1996-12-10,6.12
1996-12-11,6
1996-12-12,5.97
1996-12-13,5.81
1996-12-16,5.66
1996-12-17,5.62
1996-12-18,5.78
1996-12-19,5.56
1996-12-20,5.88
1996-12-23,5.81
1996-12-24,5.78
1996-12-26,5.75
1996-12-27,5.78
1996-12-30,5.44
1996-12-31,5.22
1997-1-2,5.25
1997-1-3,5.44
1997-1-6,4.47
1997-1-7,4.38
1997-1-8,4.41
1997-1-9,4.44
1997-1-10,4.56
1997-1-13,4.53
1997-1-14,4.47
1997-1-15,4.31
1997-1-16,4.19
1997-1-17,4.19
1997-1-20,4.24
1997-1-21,4.31
1997-1-22,4.3
1997-1-23,4.31
1997-1-24,4.22
1997-1-27,4.16
1997-1-28,4.16
1997-1-29,4.16
1997-1-30,4.19
1997-1-31,4.16
1997-2-3,4.08
1997-2-4,3.85
1997-2-5,3.81
1997-2-6,4
1997-2-7,3.95
1997-2-10,3.91
1997-2-11,3.92
1997-2-12,3.94
1997-2-13,4.03
1997-2-14,4.08
1997-2-18,4.47
1997-2-19,4.41
1997-2-20,4.25
1997-2-21,4.09
1997-2-24,4.16
1997-2-25,4.22
1997-2-26,4.28
1997-2-27,4.25
1997-2-28,4.06
1997-3-3,4.03
1997-3-4,4.12
1997-3-5,4.25
1997-3-6,4.16
1997-3-7,4.12
1997-3-10,4.16
1997-3-11,4.09
1997-3-12,4.06
1997-3-13,4.09
1997-3-14,4.14
1997-3-17,4.12
1997-3-18,4.06
1997-3-19,4.03
1997-3-20,4.31
1997-3-21,4.16
1997-3-24,4.12
1997-3-25,4.12
1997-3-26,4.19
1997-3-27,4.66
1997-3-31,4.56
1997-4-1,4.38
1997-4-2,4.5
1997-4-3,4.72
1997-4-4,4.81
1997-4-7,4.88
1997-4-8,4.78
1997-4-9,4.75
1997-4-10,4.72
1997-4-11,4.56
1997-4-14,4.69
1997-4-15,4.61
1997-4-16,4.64
1997-4-17,4.75
1997-4-18,4.59
1997-4-21,4.5
1997-4-22,4.62
1997-4-23,4.53
1997-4-24,4.47
1997-4-25,4.38
1997-4-28,4.41
1997-4-29,4.42
1997-4-30,4.25
1997-5-1,4.25
1997-5-2,4.25
1997-5-5,4.25
1997-5-6,4.22
1997-5-7,4.12
1997-5-8,4.25
1997-5-9,4.26
1997-5-12,4.39
1997-5-13,4.39
1997-5-14,4.42
1997-5-15,4.44
1997-5-16,4.31
1997-5-19,4.25
1997-5-20,4.31
1997-5-21,4.22
1997-5-22,4.16
1997-5-23,4.22
1997-5-27,4.31
1997-5-28,4.25
1997-5-29,4.16
1997-5-30,4.16
1997-6-2,4.24
1997-6-3,4.17
1997-6-4,4.16
1997-6-5,4.17
1997-6-6,4.19
1997-6-9,4.16
1997-6-10,4.06
1997-6-11,4.08
1997-6-12,4.01
1997-6-13,3.95
1997-6-16,3.88
1997-6-17,4.09
1997-6-18,3.98
1997-6-19,3.94
1997-6-20,3.89
1997-6-23,3.85
1997-6-24,3.83
1997-6-25,3.78
1997-6-26,3.67
1997-6-27,3.67
1997-6-30,3.56
1997-7-1,3.3
1997-7-2,3.27
1997-7-3,3.42
1997-7-7,3.45
1997-7-8,3.44
1997-7-9,3.42
1997-7-10,3.31
1997-7-11,3.8
1997-7-14,3.91
1997-7-15,3.98
1997-7-16,4.11
1997-7-17,4.38
1997-7-18,4.34
1997-7-21,4.04
1997-7-22,4.14
1997-7-23,4.03
1997-7-24,3.95
1997-7-25,4.06
1997-7-28,4.11
1997-7-29,4.12
1997-7-30,4.34
1997-7-31,4.38
1997-8-1,4.8
1997-8-4,4.94
1997-8-5,4.94
1997-8-6,6.58
1997-8-7,7.3
1997-8-8,6.7
1997-8-11,6.14
1997-8-12,5.51
1997-8-13,5.91
1997-8-14,5.75
1997-8-15,5.81
1997-8-18,5.91
1997-8-19,6.11
1997-8-20,6.16
1997-8-21,6
1997-8-22,5.91
1997-8-25,5.76
1997-8-26,5.56
1997-8-27,5.67
1997-8-28,5.5
1997-8-29,5.44
1997-9-2,5.59
1997-9-3,5.62
1997-9-4,5.62
1997-9-5,5.55
1997-9-8,5.38
1997-9-9,5.45
1997-9-10,5.74
1997-9-11,5.59
1997-9-12,5.51
1997-9-15,5.38
1997-9-16,5.49
1997-9-17,5.45
1997-9-18,5.58
1997-9-19,5.49
1997-9-22,5.7
1997-9-23,5.44
1997-9-24,5.38
1997-9-25,5.28
1997-9-26,5.33
1997-9-29,5.51
1997-9-30,5.42
1997-10-1,5.38
1997-10-2,5.49
1997-10-3,5.53
1997-10-6,5.49
1997-10-7,5.45
1997-10-8,5.38
1997-10-9,5.44
1997-10-10,5.67
1997-10-13,5.67
1997-10-14,5.67
1997-10-15,5.95
1997-10-16,5.38
1997-10-17,5.03
1997-10-20,4.67
1997-10-21,4.76
1997-10-22,4.64
1997-10-23,4.44
1997-10-24,4.14
1997-10-27,4.19
1997-10-28,4.53
1997-10-29,4.38
1997-10-30,4.12
1997-10-31,4.26
1997-11-3,4.34
1997-11-4,4.49
1997-11-5,4.59
1997-11-6,4.75
1997-11-7,4.94
1997-11-10,4.67
1997-11-11,4.59
1997-11-12,4.41
1997-11-13,4.5
1997-11-14,4.61
1997-11-17,4.62
1997-11-18,4.51
1997-11-19,4.56
1997-11-20,4.62
1997-11-21,4.55
1997-11-24,4.41
1997-11-25,4.34
1997-11-26,4.38
1997-11-28,4.44
1997-12-1,4.44
1997-12-2,3.97
1997-12-3,3.94
1997-12-4,3.91
1997-12-5,3.95
1997-12-8,3.89
1997-12-9,3.81
1997-12-10,3.69
1997-12-11,3.64
1997-12-12,3.53
1997-12-15,3.48
1997-12-16,3.58
1997-12-17,3.48
1997-12-18,3.45
1997-12-19,3.42
1997-12-22,3.33
1997-12-23,3.23
1997-12-24,3.28
1997-12-26,3.33
1997-12-29,3.28
1997-12-30,3.3
1997-12-31,3.28
1998-1-2,4.06
1998-1-5,3.97
1998-1-6,4.74
1998-1-7,4.38
1998-1-8,4.55
1998-1-9,4.55
1998-1-12,4.56
1998-1-13,4.88
1998-1-14,4.94
1998-1-15,4.8
1998-1-16,4.7
1998-1-20,4.76
1998-1-21,4.73
1998-1-22,4.81
1998-1-23,4.88
1998-1-26,4.86
1998-1-27,4.78
1998-1-28,4.8
1998-1-29,4.62
1998-1-30,4.58
1998-2-2,4.42
1998-2-3,4.58
1998-2-4,4.56
1998-2-5,4.58
1998-2-6,4.62
1998-2-9,4.8
1998-2-10,4.86
1998-2-11,4.75
1998-2-12,4.84
1998-2-13,4.88
1998-2-17,4.91
1998-2-18,5.14
1998-2-19,5.11
1998-2-20,5
1998-2-23,5.31
1998-2-24,5.33
1998-2-25,5.58
1998-2-26,5.88
1998-2-27,5.91
1998-3-2,5.69
1998-3-3,5.78
1998-3-4,6.11
1998-3-5,6.01
1998-3-6,6.11
1998-3-9,5.69
1998-3-10,6.01
1998-3-11,6.53
1998-3-12,6.75
1998-3-13,6.78
1998-3-16,6.67
1998-3-17,6.59
1998-3-18,6.74
1998-3-19,6.69
1998-3-20,6.59
1998-3-23,6.53
1998-3-24,7
1998-3-25,6.79
1998-3-26,6.64
1998-3-27,6.74
1998-3-30,6.86
1998-3-31,6.88
1998-4-1,6.88
1998-4-2,6.83
1998-4-3,6.76
1998-4-6,6.56
1998-4-7,6.38
1998-4-8,6.25
1998-4-9,6.41
1998-4-13,6.61
1998-4-14,6.74
1998-4-15,6.86
1998-4-16,7.16
1998-4-17,6.99
1998-4-20,7.25
1998-4-21,7.25
1998-4-22,6.88
1998-4-23,6.92
1998-4-24,6.99
1998-4-27,6.94
1998-4-28,6.74
1998-4-29,6.75
1998-4-30,6.84
1998-5-1,7
1998-5-4,7.26
1998-5-5,7.42
1998-5-6,7.58
1998-5-7,7.55
1998-5-8,7.61
1998-5-11,7.74
1998-5-12,7.53
1998-5-13,7.61
1998-5-14,7.51
1998-5-15,7.39
1998-5-18,7.12
1998-5-19,7.34
1998-5-20,7.39
1998-5-21,7.22
1998-5-22,6.97
1998-5-26,6.67
1998-5-27,6.69
1998-5-28,6.86
1998-5-29,6.66
1998-6-1,6.56
1998-6-2,6.72
1998-6-3,6.58
1998-6-4,6.7
1998-6-5,6.72
1998-6-8,6.81
1998-6-9,7.06
1998-6-10,7.01
1998-6-11,6.95
1998-6-12,7.03
1998-6-15,6.88
1998-6-16,7
1998-6-17,7.03
1998-6-18,6.83
1998-6-19,6.76
1998-6-22,6.84
1998-6-23,6.95
1998-6-24,7.06
1998-6-25,7.14
1998-6-26,7.05
1998-6-29,7.17
1998-6-30,7.17
1998-7-1,7.49
1998-7-2,7.25
1998-7-6,7.59
1998-7-7,7.62
1998-7-8,8.14
1998-7-9,7.92
1998-7-10,8.02
1998-7-13,8.48
1998-7-14,8.36
1998-7-15,8.61
1998-7-16,9.38
1998-7-17,9.22
1998-7-20,9.06
1998-7-21,8.91
1998-7-22,8.75
1998-7-23,8.73
1998-7-24,8.67
1998-7-27,8.61
1998-7-28,8.41
1998-7-29,8.78
1998-7-30,9.12
1998-7-31,8.66
1998-8-3,8.78
1998-8-4,8.55
1998-8-5,9
1998-8-6,9.22
1998-8-7,9.12
1998-8-10,9.48
1998-8-11,9.75
1998-8-12,10.02
1998-8-13,9.86
1998-8-14,10.12
1998-8-17,10.48
1998-8-18,10.64
1998-8-19,10.25
1998-8-20,10.16
1998-8-21,10.75
1998-8-24,10.3
1998-8-25,10.2
1998-8-26,10.1
1998-8-27,9.38
1998-8-28,8.55
1998-8-31,7.8
1998-9-1,8.53
1998-9-2,8.89
1998-9-3,8.66
1998-9-4,8.78
1998-9-8,9.56
1998-9-9,9.35
1998-9-10,9.53
1998-9-11,9.41
1998-9-14,9.3
1998-9-15,9.55
1998-9-16,9.33
1998-9-17,9
1998-9-18,9.19
1998-9-21,9.23
1998-9-22,9.25
1998-9-23,9.58
1998-9-24,9.62
1998-9-25,9.69
1998-9-28,9.77
1998-9-29,9.88
1998-9-30,9.53
1998-10-1,8.92
1998-10-2,8.77
1998-10-5,8.05
1998-10-6,8.14
1998-10-7,7.99
1998-10-8,7.7
1998-10-9,8.78
1998-10-12,9.36
1998-10-13,9.69
1998-10-14,9.35
1998-10-15,9.16
1998-10-16,9.17
1998-10-19,9.38
1998-10-20,9.02
1998-10-21,9.28
1998-10-22,9.19
1998-10-23,8.88
1998-10-26,9.36
1998-10-27,8.81
1998-10-28,9.2
1998-10-29,9.11
1998-10-30,9.28
1998-11-2,9.41
1998-11-3,9.45
1998-11-4,9.67
1998-11-5,9.55
1998-11-6,9.52
1998-11-9,9.16
1998-11-10,8.78
1998-11-11,8.39
1998-11-12,8.5
1998-11-13,8.92
1998-11-16,9
1998-11-17,8.7
1998-11-18,8.86
1998-11-19,8.94
1998-11-20,8.83
1998-11-23,9.06
1998-11-24,8.98
1998-11-25,8.78
1998-11-27,8.77
1998-11-30,7.99
1998-12-1,8.53
1998-12-2,9
1998-12-3,8.42
1998-12-4,8.19
1998-12-7,8.44
1998-12-8,8.02
1998-12-9,8
1998-12-10,8
1998-12-11,8.44
1998-12-14,8.12
1998-12-15,8.39
1998-12-16,8.2
1998-12-17,8.36
1998-12-18,8.8
1998-12-21,8.77
1998-12-22,9.5
1998-12-23,9.95
1998-12-24,9.81
1998-12-28,10.22
1998-12-29,10.2
1998-12-30,10.02
1998-12-31,10.23
1999-1-4,10.31
1999-1-5,10.83
1999-1-6,10.44
1999-1-7,11.25
1999-1-8,11.25
1999-1-11,11.47
1999-1-12,11.53
1999-1-13,11.62
1999-1-14,10.35
1999-1-15,10.33
1999-1-19,10.22
1999-1-20,10.14
1999-1-21,9.7
1999-1-22,9.69
1999-1-25,9.85
1999-1-26,10.12
1999-1-27,10.03
1999-1-28,10.22
1999-1-29,10.3
1999-2-1,10.23
1999-2-2,9.8
1999-2-3,10.05
1999-2-4,9.47
1999-2-5,9.08
1999-2-8,9.44
1999-2-9,9.3
1999-2-10,9.58
1999-2-11,9.91
1999-2-12,9.42
1999-2-16,9.58
1999-2-17,9.25
1999-2-18,9
1999-2-19,9.3
1999-2-22,9.61
1999-2-23,9.61
1999-2-24,9.36
1999-2-25,9.23
1999-2-26,8.7
1999-3-1,8.44
1999-3-2,8.66
1999-3-3,8.55
1999-3-4,8.36
1999-3-5,8.3
1999-3-8,8.6
1999-3-9,8.53
1999-3-10,8.14
1999-3-11,8.05
1999-3-12,8.3
1999-3-15,8.52
1999-3-16,8.88
1999-3-17,8.52
1999-3-18,8.88
1999-3-19,8.38
1999-3-22,8.77
1999-3-23,8.25
1999-3-24,8.42
1999-3-25,8.45
1999-3-26,8.31
1999-3-29,8.85
1999-3-30,8.97
1999-3-31,8.98
1999-4-1,9.02
1999-4-5,9.27
1999-4-6,9.5
1999-4-7,9.28
1999-4-8,9.22
1999-4-9,9.19
1999-4-12,9.06
1999-4-13,8.66
1999-4-14,8.88
1999-4-15,8.94
1999-4-16,8.86
1999-4-19,8.47
1999-4-20,8.52
1999-4-21,8.6
1999-4-22,9.1
1999-4-23,9.8
1999-4-26,10.23
1999-4-27,11.44
1999-4-28,11.02
1999-4-29,10.75
1999-4-30,11.5
1999-5-3,12.39
1999-5-4,11.62
1999-5-5,11.75
1999-5-6,11.12
1999-5-7,11.47
1999-5-10,11.31
1999-5-11,11.19
1999-5-12,11.62
1999-5-13,11.55
1999-5-14,11.1
1999-5-17,11.1
1999-5-18,11.31
1999-5-19,11.3
1999-5-20,10.62
1999-5-21,10.98
1999-5-24,10.48
1999-5-25,10.38
1999-5-26,11.02
1999-5-27,10.88
1999-5-28,11.02
1999-6-1,11.2
1999-6-2,11.64
1999-6-3,11.86
1999-6-4,12.03
1999-6-7,12.23
1999-6-8,11.92
1999-6-9,12.11
1999-6-10,12.03
1999-6-11,11.61
1999-6-14,11.36
1999-6-15,11.52
1999-6-16,11.98
1999-6-17,11.6
1999-6-18,11.78
1999-6-21,11.62
1999-6-22,11.35
1999-6-23,10.92
1999-6-24,10.58
1999-6-25,10.55
1999-6-28,10.64
1999-6-29,11.35
1999-6-30,11.58
1999-7-1,11.33
1999-7-2,11.58
1999-7-6,11.85
1999-7-7,12.47
1999-7-8,13.62
1999-7-9,13.91
1999-7-12,13.62
1999-7-13,13.42
1999-7-14,13.98
1999-7-15,13.31
1999-7-16,13.27
1999-7-19,13.61
1999-7-20,13.22
1999-7-21,13.52
1999-7-22,13.1
1999-7-23,13.33
1999-7-26,12.73
1999-7-27,13.42
1999-7-28,13.6
1999-7-29,13.47
1999-7-30,13.92
1999-8-2,13.94
1999-8-3,13.81
1999-8-4,13.45
1999-8-5,13.69
1999-8-6,13.53
1999-8-9,13.61
1999-8-10,13.85
1999-8-11,14.92
1999-8-12,15
1999-8-13,15.02
1999-8-16,15.12
1999-8-17,15.08
1999-8-18,15.03
1999-8-19,14.69
1999-8-20,14.8
1999-8-23,15.19
1999-8-24,15.1
1999-8-25,15.35
1999-8-26,15.53
1999-8-27,16.19
1999-8-30,15.52
1999-8-31,16.31
1999-9-1,17.16
1999-9-2,17.64
1999-9-3,18.38
1999-9-7,19.09
1999-9-8,18.62
1999-9-9,18.89
1999-9-10,19.36
1999-9-13,18.75
1999-9-14,19.45
1999-9-15,18.84
1999-9-16,19.2
1999-9-17,19.24
1999-9-20,19.76
1999-9-21,17.31
1999-9-22,17.58
1999-9-23,15.83
1999-9-24,16.24
1999-9-27,15.33
1999-9-28,14.91
1999-9-29,14.77
1999-9-30,15.83
1999-10-1,15.43
1999-10-4,16.14
1999-10-5,16.99
1999-10-6,16.8
1999-10-7,16.59
1999-10-8,16.39
1999-10-11,16.67
1999-10-12,16.92
1999-10-13,16.01
1999-10-14,18.3
1999-10-15,18.64
1999-10-18,18.31
1999-10-19,17.12
1999-10-20,18.78
1999-10-21,19.03
1999-10-22,18.49
1999-10-25,18.62
1999-10-26,18.76
1999-10-27,19.09
1999-10-28,19.47
1999-10-29,20.03
1999-11-1,19.41
1999-11-2,20.06
1999-11-3,20.38
1999-11-4,20.91
1999-11-5,22.08
1999-11-8,24.09
1999-11-9,22.41
1999-11-10,22.86
1999-11-11,23.06
1999-11-12,22.66
1999-11-15,22.36
1999-11-16,22.8
1999-11-17,22.56
1999-11-18,22.41
1999-11-19,23.11
1999-11-22,22.66
1999-11-23,23.2
1999-11-24,23.67
1999-11-26,23.76
1999-11-29,23.64
1999-11-30,24.47
1999-12-1,25.76
1999-12-2,27.55
1999-12-3,28.75
1999-12-6,29
1999-12-7,29.45
1999-12-8,27.51
1999-12-9,26.31
1999-12-10,25.75
1999-12-13,24.75
1999-12-14,23.72
1999-12-15,24.25
1999-12-16,24.58
1999-12-17,25
1999-12-20,24.5
1999-12-21,25.62
1999-12-22,24.99
1999-12-23,25.88
1999-12-27,24.83
1999-12-28,24.55
1999-12-29,25.17
1999-12-30,25.08
1999-12-31,25.7
2000-1-3,27.99
2000-1-4,25.62
2000-1-5,26
2000-1-6,23.75
2000-1-7,24.88
2000-1-10,24.44
2000-1-11,23.19
2000-1-12,21.8
2000-1-13,24.19
2000-1-14,25.11
2000-1-18,25.99
2000-1-19,26.64
2000-1-20,28.38
2000-1-21,27.83
2000-1-24,26.56
2000-1-25,28.06
2000-1-26,27.55
2000-1-27,27.5
2000-1-28,25.41
2000-1-31,25.94
2000-2-1,25.06
2000-2-2,24.7
2000-2-3,25.83
2000-2-4,27
2000-2-7,28.51
2000-2-8,28.72
2000-2-9,28.16
2000-2-10,28.38
2000-2-11,27.19
2000-2-14,28.95
2000-2-15,29.75
2000-2-16,28.53
2000-2-17,28.72
2000-2-18,27.81
2000-2-22,28.45
2000-2-23,29.06
2000-2-24,28.8
2000-2-25,27.59
2000-2-28,28.31
2000-2-29,28.66
2000-3-1,32.58
2000-3-2,30.5
2000-3-3,32
2000-3-6,31.42
2000-3-7,30.72
2000-3-8,30.5
2000-3-9,30.56
2000-3-10,31.44
2000-3-13,30.33
2000-3-14,28.56
2000-3-15,29.06
2000-3-16,30.39
2000-3-17,31.25
2000-3-20,30.75
2000-3-21,33.74
2000-3-22,36.05
2000-3-23,35.33
2000-3-24,34.67
2000-3-27,34.89
2000-3-28,34.78
2000-3-29,33.99
2000-3-30,31.44
2000-3-31,33.95
2000-4-3,33.33
2000-4-4,31.83
2000-4-5,32.6
2000-4-6,31.3
2000-4-7,32.94
2000-4-10,31.25
2000-4-11,29.86
2000-4-12,27.31
2000-4-13,28.45
2000-4-14,27.97
2000-4-17,30.97
2000-4-18,31.72
2000-4-19,30.28
2000-4-20,29.72
2000-4-24,30.12
2000-4-25,32.08
2000-4-26,30.33
2000-4-27,31.69
2000-4-28,31.01
2000-5-1,31.08
2000-5-2,29.47
2000-5-3,28.76
2000-5-4,27.67
2000-5-5,28.28
2000-5-8,27.53
2000-5-9,26.36
2000-5-10,24.83
2000-5-11,25.7
2000-5-12,26.91
2000-5-15,25.25
2000-5-16,26.42
2000-5-17,25.34
2000-5-18,25.19
2000-5-19,23.5
2000-5-22,22.49
2000-5-23,21.45
2000-5-24,21.92
2000-5-25,21.82
2000-5-26,21.59
2000-5-30,21.89
2000-5-31,21
2000-6-1,22.28
2000-6-2,23.14
2000-6-5,22.83
2000-6-6,23.22
2000-6-7,24.14
2000-6-8,23.7
2000-6-9,23.94
2000-6-12,22.8
2000-6-13,23.62
2000-6-14,22.61
2000-6-15,23.09
2000-6-16,22.8
2000-6-19,24.16
2000-6-20,25.31
2000-6-21,27.82
2000-6-22,26.88
2000-6-23,25.84
2000-6-26,27.07
2000-6-27,25.88
2000-6-28,27.22
2000-6-29,25.62
2000-6-30,26.19
2000-7-3,26.66
2000-7-5,25.82
2000-7-6,25.91
2000-7-7,27.22
2000-7-10,28.57
2000-7-11,28.47
2000-7-12,29.44
2000-7-13,28.25
2000-7-14,28.84
2000-7-17,29.16
2000-7-18,28.62
2000-7-19,26.34
2000-7-20,27.57
2000-7-21,26.78
2000-7-24,24.34
2000-7-25,25.03
2000-7-26,25.03
2000-7-27,26
2000-7-28,24.16
2000-7-31,25.41
2000-8-1,24.66
2000-8-2,23.62
2000-8-3,24
2000-8-4,23.69
2000-8-7,23.97
2000-8-8,23.38
2000-8-9,23.75
2000-8-10,23.78
2000-8-11,23.84
2000-8-14,23.53
2000-8-15,23.34
2000-8-16,24.25
2000-8-17,25.72
2000-8-18,25
2000-8-21,25.25
2000-8-22,25.84
2000-8-23,27.16
2000-8-24,28.06
2000-8-25,28.41
2000-8-28,29.03
2000-8-29,29.59
2000-8-30,29.75
2000-8-31,30.47
2000-9-1,31.72
2000-9-5,31.22
2000-9-6,29.22
2000-9-7,31
2000-9-8,29.44
2000-9-11,29.22
2000-9-12,28.88
2000-9-13,29
2000-9-14,28.43
2000-9-15,27.61
2000-9-18,30.33
2000-9-19,29.97
2000-9-20,30.52
2000-9-21,28.34
2000-9-22,26.09
2000-9-25,26.75
2000-9-26,25.72
2000-9-27,24.47
2000-9-28,26.75
2000-9-29,12.88
2000-10-2,12.12
2000-10-3,11.15
2000-10-4,11.81
2000-10-5,11.03
2000-10-6,11.1
2000-10-9,10.88
2000-10-10,10.44
2000-10-11,9.81
2000-10-12,10
2000-10-13,11.03
2000-10-16,10.75
2000-10-17,10.06
2000-10-18,10.06
2000-10-19,9.47
2000-10-20,9.75
2000-10-23,10.19
2000-10-24,9.44
2000-10-25,9.25
2000-10-26,9.25
2000-10-27,9.28
2000-10-30,9.65
2000-10-31,9.78
2000-11-1,10.25
2000-11-2,11.15
2000-11-3,11.12
2000-11-6,10.72
2000-11-7,10.65
2000-11-8,10.03
2000-11-9,10.1
2000-11-10,9.53
2000-11-13,9.69
2000-11-14,10.12
2000-11-15,9.94
2000-11-16,9.5
2000-11-17,9.25
2000-11-20,9.47
2000-11-21,9.4
2000-11-22,9.25
2000-11-24,9.65
2000-11-27,9.35
2000-11-28,9.02
2000-11-29,8.78
2000-11-30,8.25
2000-12-1,8.53
2000-12-4,8.35
2000-12-5,8.5
2000-12-6,7.16
2000-12-7,7.16
2000-12-8,7.53
2000-12-11,7.59
2000-12-12,7.69
2000-12-13,7.5
2000-12-14,7.22
2000-12-15,7.03
2000-12-18,7.12
2000-12-19,7
2000-12-20,7.19
2000-12-21,7.03
2000-12-22,7.5
2000-12-26,7.34
2000-12-27,7.41
2000-12-28,7.41
2000-12-29,7.44
2001-1-2,7.44
2001-1-3,8.19
2001-1-4,8.53
2001-1-5,8.19
2001-1-8,8.28
2001-1-9,8.6
2001-1-10,8.28
2001-1-11,9
2001-1-12,8.6
2001-1-16,8.56
2001-1-17,8.4
2001-1-18,9.35
2001-1-19,9.75
2001-1-22,9.62
2001-1-23,10.25
2001-1-24,10.25
2001-1-25,9.97
2001-1-26,9.78
2001-1-29,10.85
2001-1-30,10.88
2001-1-31,10.81
2001-2-1,10.56
2001-2-2,10.31
2001-2-5,10.1
2001-2-6,10.56
2001-2-7,10.38
2001-2-8,10.38
2001-2-9,9.56
2001-2-12,9.85
2001-2-13,9.56
2001-2-14,9.75
2001-2-15,10.03
2001-2-16,9.5
2001-2-20,9.15
2001-2-21,9.44
2001-2-22,9.4
2001-2-23,9.4
2001-2-26,9.75
2001-2-27,9.69
2001-2-28,9.12
2001-3-1,9.38
2001-3-2,9.62
2001-3-5,10.19
2001-3-6,10.75
2001-3-7,10.62
2001-3-8,10.4
2001-3-9,10.12
2001-3-12,9.31
2001-3-13,9.78
2001-3-14,10.22
2001-3-15,9.85
2001-3-16,9.81
2001-3-19,10.28
2001-3-20,9.85
2001-3-21,10.06
2001-3-22,10.81
2001-3-23,11.5
2001-3-26,10.89
2001-3-27,11.44
2001-3-28,11.09
2001-3-29,11.27
2001-3-30,11.03
2001-4-2,10.8
2001-4-3,10.12
2001-4-4,9.75
2001-4-5,10.44
2001-4-6,10.3
2001-4-9,10.27
2001-4-10,11.02
2001-4-11,10.9
2001-4-12,11.21
2001-4-16,10.72
2001-4-17,10.2
2001-4-18,11.4
2001-4-19,12.86
2001-4-20,12.52
2001-4-23,12.12
2001-4-24,12.02
2001-4-25,12.36
2001-4-26,12.35
2001-4-27,13.1
2001-4-30,12.74
2001-5-1,12.97
2001-5-2,13.3
2001-5-3,12.48
2001-5-4,12.88
2001-5-7,12.48
2001-5-8,12.28
2001-5-9,11.99
2001-5-10,11.5
2001-5-11,11.43
2001-5-14,11.65
2001-5-15,11.59
2001-5-16,12.05
2001-5-17,11.77
2001-5-18,11.77
2001-5-21,11.78
2001-5-22,11.75
2001-5-23,11.61
2001-5-24,11.6
2001-5-25,11.38
2001-5-29,10.73
2001-5-30,9.89
2001-5-31,9.98
2001-6-1,10.44
2001-6-4,10.33
2001-6-5,10.47
2001-6-6,10.36
2001-6-7,10.83
2001-6-8,10.66
2001-6-11,10.02
2001-6-12,10.15
2001-6-13,10.23
2001-6-14,9.94
2001-6-15,10.22
2001-6-18,10.16
2001-6-19,10.1
2001-6-20,10.84
2001-6-21,11.24
2001-6-22,11.13
2001-6-25,11.99
2001-6-26,11.88
2001-6-27,11.67
2001-6-28,11.77
2001-6-29,11.62
2001-7-2,11.95
2001-7-3,11.92
2001-7-5,11.6
2001-7-6,11.02
2001-7-9,11.35
2001-7-10,10.57
2001-7-11,11.27
2001-7-12,12.18
2001-7-13,12.43
2001-7-16,11.98
2001-7-17,12.55
2001-7-18,10.4
2001-7-19,9.98
2001-7-20,9.99
2001-7-23,9.77
2001-7-24,9.55
2001-7-25,9.23
2001-7-26,9.3
2001-7-27,9.48
2001-7-30,9.47
2001-7-31,9.4
2001-8-1,9.53
2001-8-2,9.91
2001-8-3,9.75
2001-8-6,9.56
2001-8-7,9.62
2001-8-8,9.45
2001-8-9,9.52
2001-8-10,9.51
2001-8-13,9.55
2001-8-14,9.36
2001-8-15,9.22
2001-8-16,9.32
2001-8-17,9.03
2001-8-20,9.06
2001-8-21,8.96
2001-8-22,9.1
2001-8-23,8.9
2001-8-24,9.28
2001-8-27,9.46
2001-8-28,9.2
2001-8-29,8.91
2001-8-30,8.91
2001-8-31,9.27
2001-9-4,9.12
2001-9-5,9.27
2001-9-6,8.86
2001-9-7,8.64
2001-9-10,8.69
2001-9-17,8.49
2001-9-18,8.14
2001-9-19,8.51
2001-9-20,7.84
2001-9-21,7.86
2001-9-24,8.23
2001-9-25,7.77
2001-9-26,7.57
2001-9-27,7.76
2001-9-28,7.76
2001-10-1,7.77
2001-10-2,7.53
2001-10-3,7.49
2001-10-4,7.94
2001-10-5,8.07
2001-10-8,8.1
2001-10-9,8
2001-10-10,8.41
2001-10-11,8.87
2001-10-12,9.01
2001-10-15,8.99
2001-10-16,9.01
2001-10-17,8.49
2001-10-18,9
2001-10-19,9.15
2001-10-22,9.51
2001-10-23,9.07
2001-10-24,9.48
2001-10-25,9.6
2001-10-26,9.34
2001-10-29,8.81
2001-10-30,8.8
2001-10-31,8.78
2001-11-1,9.3
2001-11-2,9.28
2001-11-5,9.53
2001-11-6,9.78
2001-11-7,9.8
2001-11-8,9.35
2001-11-9,9.35
2001-11-12,9.38
2001-11-13,9.69
2001-11-14,9.81
2001-11-15,9.73
2001-11-16,9.48
2001-11-19,10
2001-11-20,9.77
2001-11-21,9.84
2001-11-23,9.92
2001-11-26,10.69
2001-11-27,10.5
2001-11-28,10.27
2001-11-29,10.21
2001-11-30,10.65
2001-12-3,10.52
2001-12-4,11.2
2001-12-5,11.88
2001-12-6,11.39
2001-12-7,11.27
2001-12-10,11.27
2001-12-11,10.89
2001-12-12,10.74
2001-12-13,10.5
2001-12-14,10.19
2001-12-17,10.31
2001-12-18,10.51
2001-12-19,10.81
2001-12-20,10.34
2001-12-21,10.5
2001-12-24,10.68
2001-12-26,10.74
2001-12-27,11.03
2001-12-28,11.22
2001-12-31,10.95
2002-1-2,11.65
2002-1-3,11.79
2002-1-4,11.85
2002-1-7,11.45
2002-1-8,11.31
2002-1-9,10.82
2002-1-10,10.61
2002-1-11,10.52
2002-1-14,10.57
2002-1-15,10.85
2002-1-16,10.39
2002-1-17,11.24
2002-1-18,11.09
2002-1-22,10.91
2002-1-23,11.51
2002-1-24,11.6
2002-1-25,11.62
2002-1-28,11.64
2002-1-29,11.53
2002-1-30,12.05
2002-1-31,12.36
2002-2-1,12.2
2002-2-4,12.68
2002-2-5,12.73
2002-2-6,12.34
2002-2-7,12.15
2002-2-8,12.02
2002-2-11,12.49
2002-2-12,12.35
2002-2-13,12.51
2002-2-14,12.3
2002-2-15,11.95
2002-2-19,11.31
2002-2-20,11.56
2002-2-21,10.75
2002-2-22,11.37
2002-2-25,11.9
2002-2-26,11.84
2002-2-27,10.98
2002-2-28,10.85
2002-3-1,11.73
2002-3-4,12.15
2002-3-5,11.77
2002-3-6,12.03
2002-3-7,12.19
2002-3-8,12.33
2002-3-11,12.53
2002-3-12,12.36
2002-3-13,12.24
2002-3-14,12.22
2002-3-15,12.48
2002-3-18,12.37
2002-3-19,12.43
2002-3-20,12.46
2002-3-21,12.14
2002-3-22,12.05
2002-3-25,11.68
2002-3-26,11.73
2002-3-27,11.73
2002-3-28,11.84
2002-4-1,12.23
2002-4-2,12.03
2002-4-3,11.88
2002-4-4,12.45
2002-4-5,12.37
2002-4-8,12.28
2002-4-9,12.05
2002-4-10,12.33
2002-4-11,12.43
2002-4-12,12.53
2002-4-15,12.5
2002-4-16,12.87
2002-4-17,13.06
2002-4-18,12.7
2002-4-19,12.49
2002-4-22,12.27
2002-4-23,12.12
2002-4-24,11.89
2002-4-25,12.06
2002-4-26,11.51
2002-4-29,11.98
2002-4-30,12.14
2002-5-1,11.99
2002-5-2,11.85
2002-5-3,11.76
2002-5-6,11.32
2002-5-7,11.23
2002-5-8,12.19
2002-5-9,12.1
2002-5-10,11.66
2002-5-13,11.97
2002-5-14,12.81
2002-5-15,12.64
2002-5-16,12.6
2002-5-17,12.51
2002-5-20,12.37
2002-5-21,11.73
2002-5-22,12.16
2002-5-23,12.59
2002-5-24,12.07
2002-5-28,11.99
2002-5-29,11.99
2002-5-30,12.1
2002-5-31,11.65
2002-6-3,11.45
2002-6-4,11.39
2002-6-5,11.36
2002-6-6,11.08
2002-6-7,10.7
2002-6-10,10.74
2002-6-11,10.23
2002-6-12,10.05
2002-6-13,9.77
2002-6-14,10.05
2002-6-17,10.27
2002-6-18,10.07
2002-6-19,8.56
2002-6-20,8.56
2002-6-21,8.43
2002-6-24,8.64
2002-6-25,8.57
2002-6-26,8.27
2002-6-27,8.53
2002-6-28,8.86
2002-7-1,8.53
2002-7-2,8.47
2002-7-3,8.77
2002-7-5,9.37
2002-7-8,9.01
2002-7-9,8.77
2002-7-10,8.66
2002-7-11,9.15
2002-7-12,8.76
2002-7-15,9.11
2002-7-16,8.93
2002-7-17,7.82
2002-7-18,7.49
2002-7-19,7.48
2002-7-22,7.46
2002-7-23,7.24
2002-7-24,7.6
2002-7-25,7.18
2002-7-26,7.17
2002-7-29,7.51
2002-7-30,7.72
2002-7-31,7.63
2002-8-1,7.4
2002-8-2,7.22
2002-8-5,6.99
2002-8-6,7.37
2002-8-7,7.51
2002-8-8,7.65
2002-8-9,7.5
2002-8-12,7.49
2002-8-13,7.3
2002-8-14,7.59
2002-8-15,7.8
2002-8-16,7.91
2002-8-19,7.99
2002-8-20,7.95
2002-8-21,8.06
2002-8-22,7.99
2002-8-23,7.86
2002-8-26,7.76
2002-8-27,7.43
2002-8-28,7.35
2002-8-29,7.35
2002-8-30,7.38
2002-9-3,7.03
2002-9-4,7.24
2002-9-5,7.09
2002-9-6,7.19
2002-9-9,7.18
2002-9-10,7.16
2002-9-11,7.14
2002-9-12,7.07
2002-9-13,7.09
2002-9-16,7.25
2002-9-17,7.4
2002-9-18,7.51
2002-9-19,7.29
2002-9-20,7.43
2002-9-23,7.43
2002-9-24,7.32
2002-9-25,7.47
2002-9-26,7.35
2002-9-27,7.36
2002-9-30,7.25
2002-10-1,7.26
2002-10-2,7.09
2002-10-3,7.15
2002-10-4,7.01
2002-10-7,6.89
2002-10-8,6.84
2002-10-9,6.8
2002-10-10,7.05
2002-10-11,7.26
2002-10-14,7.39
2002-10-15,7.58
2002-10-16,7.28
2002-10-17,7.05
2002-10-18,7.17
2002-10-21,7.28
2002-10-22,7.35
2002-10-23,7.44
2002-10-24,7.34
2002-10-25,7.71
2002-10-28,7.8
2002-10-29,7.72
2002-10-30,7.99
2002-10-31,8.03
2002-11-1,8.18
2002-11-4,8.44
2002-11-5,8.45
2002-11-6,8.61
2002-11-7,8
2002-11-8,7.92
2002-11-11,7.58
2002-11-12,7.82
2002-11-13,7.8
2002-11-14,8.15
2002-11-15,7.97
2002-11-18,7.82
2002-11-19,7.64
2002-11-20,7.76
2002-11-21,8.18
2002-11-22,8.01
2002-11-25,7.99
2002-11-26,7.7
2002-11-27,7.86
2002-11-29,7.75
2002-12-2,7.59
2002-12-3,7.58
2002-12-4,7.49
2002-12-5,7.32
2002-12-6,7.47
2002-12-9,7.38
2002-12-10,7.64
2002-12-11,7.74
2002-12-12,7.59
2002-12-13,7.39
2002-12-16,7.43
2002-12-17,7.54
2002-12-18,7.28
2002-12-19,7.1
2002-12-20,7.07
2002-12-23,7.24
2002-12-24,7.18
2002-12-26,7.2
2002-12-27,7.03
2002-12-30,7.03
2002-12-31,7.16
2003-1-2,7.4
2003-1-3,7.45
2003-1-6,7.45
2003-1-7,7.43
2003-1-8,7.28
2003-1-9,7.34
2003-1-10,7.36
2003-1-13,7.32
2003-1-14,7.3
2003-1-15,7.22
2003-1-16,7.31
2003-1-17,7.05
2003-1-21,7.01
2003-1-22,6.94
2003-1-23,7.09
2003-1-24,6.9
2003-1-27,7.07
2003-1-28,7.29
2003-1-29,7.47
2003-1-30,7.16
2003-1-31,7.18
2003-2-3,7.33
2003-2-4,7.3
2003-2-5,7.22
2003-2-6,7.22
2003-2-7,7.07
2003-2-10,7.18
2003-2-11,7.18
2003-2-12,7.2
2003-2-13,7.27
2003-2-14,7.34
2003-2-18,7.64
2003-2-19,7.43
2003-2-20,7.39
2003-2-21,7.5
2003-2-24,7.37
2003-2-25,7.51
2003-2-26,7.25
2003-2-27,7.43
2003-2-28,7.51
2003-3-3,7.32
2003-3-4,7.28
2003-3-5,7.31
2003-3-6,7.28
2003-3-7,7.26
2003-3-10,7.18
2003-3-11,7.11
2003-3-12,7.11
2003-3-13,7.36
2003-3-14,7.39
2003-3-17,7.51
2003-3-18,7.5
2003-3-19,7.47
2003-3-20,7.45
2003-3-21,7.5
2003-3-24,7.18
2003-3-25,7.28
2003-3-26,7.2
2003-3-27,7.24
2003-3-28,7.28
2003-3-31,7.07
2003-4-1,7.08
2003-4-2,7.3
2003-4-3,7.23
2003-4-4,7.2
2003-4-7,7.24
2003-4-8,7.22
2003-4-9,7.09
2003-4-10,7.18
2003-4-11,6.6
2003-4-14,6.79
2003-4-15,6.7
2003-4-16,6.62
2003-4-17,6.56
2003-4-21,6.57
2003-4-22,6.76
2003-4-23,6.79
2003-4-24,6.72
2003-4-25,6.68
2003-4-28,6.93
2003-4-29,7.03
2003-4-30,7.11
2003-5-1,7.18
2003-5-2,7.22
2003-5-5,8.05
2003-5-6,8.75
2003-5-7,8.82
2003-5-8,9
2003-5-9,9.15
2003-5-12,9.28
2003-5-13,9.34
2003-5-14,9.27
2003-5-15,9.36
2003-5-16,9.4
2003-5-19,9.05
2003-5-20,8.9
2003-5-21,8.93
2003-5-22,9.12
2003-5-23,9.16
2003-5-27,9.44
2003-5-28,9.14
2003-5-29,9.05
2003-5-30,8.98
2003-6-2,8.73
2003-6-3,8.65
2003-6-4,8.8
2003-6-5,8.82
2003-6-6,8.57
2003-6-9,8.4
2003-6-10,8.59
2003-6-11,8.73
2003-6-12,8.89
2003-6-13,8.71
2003-6-16,9.14
2003-6-17,9.1
2003-6-18,9.56
2003-6-19,9.57
2003-6-20,9.6
2003-6-23,9.53
2003-6-24,9.39
2003-6-25,9.55
2003-6-26,9.65
2003-6-27,9.36
2003-6-30,9.53
2003-7-1,9.55
2003-7-2,9.64
2003-7-3,9.56
2003-7-7,9.94
2003-7-8,10.2
2003-7-9,9.94
2003-7-10,9.79
2003-7-11,9.93
2003-7-14,9.95
2003-7-15,9.81
2003-7-16,9.94
2003-7-17,10.45
2003-7-18,10.43
2003-7-21,10.31
2003-7-22,10.4
2003-7-23,10.4
2003-7-24,10.26
2003-7-25,10.77
2003-7-28,10.49
2003-7-29,10.36
2003-7-30,10.14
2003-7-31,10.54
2003-8-1,10.36
2003-8-4,10.6
2003-8-5,10.19
2003-8-6,9.81
2003-8-7,9.97
2003-8-8,9.82
2003-8-11,9.83
2003-8-12,9.85
2003-8-13,10.09
2003-8-14,9.98
2003-8-15,9.85
2003-8-18,10.17
2003-8-19,10.16
2003-8-20,10.51
2003-8-21,10.84
2003-8-22,10.44
2003-8-25,10.43
2003-8-26,10.52
2003-8-27,10.74
2003-8-28,11.1
2003-8-29,11.31
2003-9-2,11.43
2003-9-3,11.48
2003-9-4,11.41
2003-9-5,11.25
2003-9-8,11.37
2003-9-9,11.19
2003-9-10,11.09
2003-9-11,11.28
2003-9-12,11.55
2003-9-15,11.1
2003-9-16,11.18
2003-9-17,11.06
2003-9-18,11.44
2003-9-19,11.29
2003-9-22,11.04
2003-9-23,11.22
2003-9-24,10.66
2003-9-25,10.22
2003-9-26,10.35
2003-9-29,10.65
2003-9-30,10.36
2003-10-1,10.4
2003-10-2,10.28
2003-10-3,10.85
2003-10-6,11.15
2003-10-7,11.61
2003-10-8,11.53
2003-10-9,11.73
2003-10-10,11.84
2003-10-13,12.18
2003-10-14,12.27
2003-10-15,12.41
2003-10-16,11.62
2003-10-17,11.38
2003-10-20,11.61
2003-10-21,11.59
2003-10-22,11.38
2003-10-23,11.49
2003-10-24,11.3
2003-10-27,11.3
2003-10-28,11.86
2003-10-29,11.85
2003-10-30,11.55
2003-10-31,11.44
2003-11-3,11.57
2003-11-4,11.45
2003-11-5,11.52
2003-11-6,11.56
2003-11-7,11.25
2003-11-10,10.95
2003-11-11,10.77
2003-11-12,11.16
2003-11-13,11.21
2003-11-14,10.73
2003-11-17,10.56
2003-11-18,10.2
2003-11-19,10.21
2003-11-20,10.19
2003-11-21,10.14
2003-11-24,10.57
2003-11-25,10.34
2003-11-26,10.36
2003-11-28,10.45
2003-12-1,10.85
2003-12-2,10.77
2003-12-3,10.52
2003-12-4,10.57
2003-12-5,10.43
2003-12-8,10.52
2003-12-9,10.23
2003-12-10,10.19
2003-12-11,10.6
2003-12-12,10.44
2003-12-15,10.09
2003-12-16,10.06
2003-12-17,9.94
2003-12-18,10.02
2003-12-19,9.85
2003-12-22,9.93
2003-12-23,9.9
2003-12-24,10.2
2003-12-26,10.39
2003-12-29,10.57
2003-12-30,10.64
2003-12-31,10.69
2004-1-2,10.64
2004-1-5,11.09
2004-1-6,11.05
2004-1-7,11.3
2004-1-8,11.68
2004-1-9,11.5
2004-1-12,11.86
2004-1-13,12.06
2004-1-14,12.1
2004-1-15,11.43
2004-1-16,11.36
2004-1-20,11.36
2004-1-21,11.31
2004-1-22,11.09
2004-1-23,11.28
2004-1-26,11.51
2004-1-27,11.53
2004-1-28,11.26
2004-1-29,11.34
2004-1-30,11.28
2004-2-2,11.16
2004-2-3,11.13
2004-2-4,10.9
2004-2-5,11.21
2004-2-6,11.35
2004-2-9,11.34
2004-2-10,11.49
2004-2-11,11.9
2004-2-12,11.86
2004-2-13,11.5
2004-2-17,11.58
2004-2-18,11.63
2004-2-19,11.23
2004-2-20,11.2
2004-2-23,11.1
2004-2-24,11.18
2004-2-25,11.4
2004-2-26,11.52
2004-2-27,11.96
2004-3-1,12.01
2004-3-2,11.9
2004-3-3,11.96
2004-3-4,12.58
2004-3-5,13.37
2004-3-8,13
2004-3-9,13.55
2004-3-10,13.84
2004-3-11,13.57
2004-3-12,13.78
2004-3-15,13.23
2004-3-16,12.91
2004-3-17,13.1
2004-3-18,12.84
2004-3-19,12.93
2004-3-22,12.93
2004-3-23,12.65
2004-3-24,12.75
2004-3-25,13.44
2004-3-26,13.52
2004-3-29,13.95
2004-3-30,13.96
2004-3-31,13.52
2004-4-1,13.56
2004-4-2,13.75
2004-4-5,14.16
2004-4-6,13.91
2004-4-7,13.65
2004-4-8,13.77
2004-4-12,14.02
2004-4-13,13.47
2004-4-14,13.32
2004-4-15,14.65
2004-4-16,14.59
2004-4-19,14.18
2004-4-20,13.86
2004-4-21,13.86
2004-4-22,13.89
2004-4-23,13.85
2004-4-26,13.56
2004-4-27,13.47
2004-4-28,13.23
2004-4-29,13.39
2004-4-30,12.89
2004-5-3,13.03
2004-5-4,13.07
2004-5-5,13.32
2004-5-6,13.29
2004-5-7,13.34
2004-5-10,13.14
2004-5-11,13.57
2004-5-12,13.65
2004-5-13,13.6
2004-5-14,13.53
2004-5-17,13.32
2004-5-18,13.53
2004-5-19,13.23
2004-5-20,13.35
2004-5-21,13.56
2004-5-24,13.67
2004-5-25,14.2
2004-5-26,14.26
2004-5-27,14.09
2004-5-28,14.03
2004-6-1,14.03
2004-6-2,14.46
2004-6-3,14.2
2004-6-4,14.39
2004-6-7,14.9
2004-6-8,15.18
2004-6-9,15.1
2004-6-10,15.37
2004-6-14,15.06
2004-6-15,15.35
2004-6-16,16.37
2004-6-17,16.41
2004-6-18,16.45
2004-6-21,16.17
2004-6-22,16.5
2004-6-23,16.85
2004-6-24,16.59
2004-6-25,16.85
2004-6-28,16.25
2004-6-29,16.25
2004-6-30,16.27
2004-7-1,16.15
2004-7-2,15.54
2004-7-6,15.48
2004-7-7,15.19
2004-7-8,15.07
2004-7-9,15.02
2004-7-12,14.57
2004-7-13,14.61
2004-7-14,14.79
2004-7-15,16.47
2004-7-16,16.1
2004-7-19,15.98
2004-7-20,16.1
2004-7-21,15.81
2004-7-22,15.84
2004-7-23,15.35
2004-7-26,15.63
2004-7-27,16.22
2004-7-28,16.14
2004-7-29,16.32
2004-7-30,16.17
2004-8-2,15.79
2004-8-3,15.65
2004-8-4,15.9
2004-8-5,15.69
2004-8-6,14.89
2004-8-9,15.15
2004-8-10,15.76
2004-8-11,15.51
2004-8-12,15.19
2004-8-13,15.42
2004-8-16,15.39
2004-8-17,15.44
2004-8-18,15.87
2004-8-19,15.35
2004-8-20,15.4
2004-8-23,15.54
2004-8-24,15.98
2004-8-25,16.52
2004-8-26,17.33
2004-8-27,17.17
2004-8-30,17.06
2004-8-31,17.25
2004-9-1,17.93
2004-9-2,17.83
2004-9-3,17.61
2004-9-7,17.88
2004-9-8,18.17
2004-9-9,17.85
2004-9-10,17.93
2004-9-13,17.8
2004-9-14,17.75
2004-9-15,17.6
2004-9-16,18.17
2004-9-17,18.57
2004-9-20,18.85
2004-9-21,19
2004-9-22,18.46
2004-9-23,18.64
2004-9-24,18.65
2004-9-27,18.76
2004-9-28,19.02
2004-9-29,19.34
2004-9-30,19.38
2004-10-1,19.33
2004-10-4,19.4
2004-10-5,19.68
2004-10-6,20.32
2004-10-7,19.81
2004-10-8,19.53
2004-10-11,19.3
2004-10-12,19.15
2004-10-13,19.88
2004-10-14,22.49
2004-10-15,22.75
2004-10-18,23.88
2004-10-19,23.71
2004-10-20,23.74
2004-10-21,23.97
2004-10-22,23.7
2004-10-25,23.77
2004-10-26,23.99
2004-10-27,25.15
2004-10-28,26.09
2004-10-29,26.2
2004-11-1,26.23
2004-11-2,26.75
2004-11-3,27.66
2004-11-4,27.23
2004-11-5,27.36
2004-11-8,27.19
2004-11-9,27.02
2004-11-10,27.38
2004-11-11,27.65
2004-11-12,27.75
2004-11-15,27.62
2004-11-16,27.47
2004-11-17,27.45
2004-11-18,27.69
2004-11-19,27.58
2004-11-22,30.67
2004-11-23,30.64
2004-11-24,32.03
2004-11-26,32.28
2004-11-29,34.22
2004-11-30,33.53
2004-12-1,33.9
2004-12-2,32.6
2004-12-3,31.34
2004-12-6,32.89
2004-12-7,31.44
2004-12-8,31.64
2004-12-9,32
2004-12-10,32.58
2004-12-13,32.46
2004-12-14,32.65
2004-12-15,32.63
2004-12-16,33.3
2004-12-17,32.49
2004-12-20,31.36
2004-12-21,31.84
2004-12-22,31.88
2004-12-23,32.01
2004-12-27,31.58
2004-12-28,32.09
2004-12-29,32.22
2004-12-30,32.4
2004-12-31,32.2
2005-1-3,31.65
2005-1-4,31.97
2005-1-5,32.25
2005-1-6,32.28
2005-1-7,34.62
2005-1-10,34.48
2005-1-11,32.28
2005-1-12,32.73
2005-1-13,34.9
2005-1-14,35.1
2005-1-18,35.33
2005-1-19,34.94
2005-1-20,35.23
2005-1-21,35.24
2005-1-24,35.38
2005-1-25,36.03
2005-1-26,36.12
2005-1-27,36.32
2005-1-28,36.99
2005-1-31,38.45
2005-2-1,38.76
2005-2-2,39.81
2005-2-3,38.9
2005-2-4,39.42
2005-2-7,39.47
2005-2-8,40.45
2005-2-9,39.37
2005-2-10,39.18
2005-2-11,40.6
2005-2-14,42.31
2005-2-15,44.21
2005-2-16,45.06
2005-2-17,43.9
2005-2-18,43.4
2005-2-22,42.65
2005-2-23,44.12
2005-2-24,44.47
2005-2-25,44.49
2005-2-28,44.86
2005-3-1,44.5
2005-3-2,44.12
2005-3-3,41.79
2005-3-4,42.81
2005-3-7,42.75
2005-3-8,40.53
2005-3-9,39.35
2005-3-10,39.83
2005-3-11,40.27
2005-3-14,40.32
2005-3-15,40.96
2005-3-16,41.18
2005-3-17,42.25
2005-3-18,42.96
2005-3-21,43.7
2005-3-22,42.83
2005-3-23,42.55
2005-3-24,42.5
2005-3-28,42.53
2005-3-29,41.75
2005-3-30,42.8
2005-3-31,41.67
2005-4-1,40.89
2005-4-4,41.09
2005-4-5,41.89
2005-4-6,42.33
2005-4-7,43.56
2005-4-8,43.74
2005-4-11,41.92
2005-4-12,42.66
2005-4-13,41.04
2005-4-14,37.26
2005-4-15,35.35
2005-4-18,35.62
2005-4-19,37.09
2005-4-20,35.51
2005-4-21,37.18
2005-4-22,35.5
2005-4-25,36.98
2005-4-26,36.19
2005-4-27,35.95
2005-4-28,35.54
2005-4-29,36.06
2005-5-2,36.43
2005-5-3,36.21
2005-5-4,37.15
2005-5-5,36.68
2005-5-6,37.24
2005-5-9,36.97
2005-5-10,36.42
2005-5-11,35.61
2005-5-12,34.13
2005-5-13,34.77
2005-5-16,35.55
2005-5-17,35.36
2005-5-18,35.84
2005-5-19,37.55
2005-5-20,37.55
2005-5-23,39.76
2005-5-24,39.7
2005-5-25,39.78
2005-5-26,40.74
2005-5-27,40.56
2005-5-31,39.76
2005-6-1,40.3
2005-6-2,40.04
2005-6-3,38.24
2005-6-6,37.92
2005-6-7,36.54
2005-6-8,36.92
2005-6-9,37.65
2005-6-10,35.81
2005-6-13,35.9
2005-6-14,36
2005-6-15,37.13
2005-6-16,37.98
2005-6-17,38.31
2005-6-20,37.61
2005-6-21,37.86
2005-6-22,38.55
2005-6-23,38.89
2005-6-24,37.76
2005-6-27,37.1
2005-6-28,37.31
2005-6-29,36.37
2005-6-30,36.81
2005-7-1,36.5
2005-7-5,37.98
2005-7-6,37.39
2005-7-7,37.63
2005-7-8,38.25
2005-7-11,38.1
2005-7-12,38.24
2005-7-13,38.35
2005-7-14,40.75
2005-7-15,41.55
2005-7-18,41.49
2005-7-19,43.19
2005-7-20,43.63
2005-7-21,43.29
2005-7-22,44
2005-7-25,43.81
2005-7-26,43.63
2005-7-27,43.99
2005-7-28,43.8
2005-7-29,42.65
2005-8-1,42.75
2005-8-2,43.19
2005-8-3,43.22
2005-8-4,42.71
2005-8-5,42.99
2005-8-8,42.65
2005-8-9,43.82
2005-8-10,43.38
2005-8-11,44
2005-8-12,46.1
2005-8-15,47.68
2005-8-16,46.25
2005-8-17,47.15
2005-8-18,46.3
2005-8-19,45.83
2005-8-22,45.87
2005-8-23,45.74
2005-8-24,45.77
2005-8-25,46.06
2005-8-26,45.74
2005-8-29,45.84
2005-8-30,46.57
2005-8-31,46.89
2005-9-1,46.26
2005-9-2,46.22
2005-9-6,48.8
2005-9-7,48.68
2005-9-8,49.78
2005-9-9,51.31
2005-9-12,51.4
2005-9-13,50.82
2005-9-14,49.61
2005-9-15,49.87
2005-9-16,51.21
2005-9-19,52.64
2005-9-20,53.19
2005-9-21,52.11
2005-9-22,51.9
2005-9-23,53.2
2005-9-26,53.84
2005-9-27,53.44
2005-9-28,51.08
2005-9-29,52.34
2005-9-30,53.61
2005-10-3,54.44
2005-10-4,53.75
2005-10-5,52.78
2005-10-6,51.7
2005-10-7,51.3
2005-10-10,50.37
2005-10-11,51.59
2005-10-12,49.25
2005-10-13,53.74
2005-10-14,54
2005-10-17,53.44
2005-10-18,52.21
2005-10-19,54.94
2005-10-20,56.14
2005-10-21,55.66
2005-10-24,56.79
2005-10-25,56.1
2005-10-26,57.03
2005-10-27,55.41
2005-10-28,54.47
2005-10-31,57.59
2005-11-1,57.5
2005-11-2,59.95
2005-11-3,61.85
2005-11-4,61.15
2005-11-7,60.23
2005-11-8,59.9
2005-11-9,60.11
2005-11-10,61.18
2005-11-11,61.54
2005-11-14,61.45
2005-11-15,62.28
2005-11-16,64.95
2005-11-17,64.52
2005-11-18,64.56
2005-11-21,64.96
2005-11-22,66.52
2005-11-23,67.11
2005-11-25,69.34
2005-11-28,69.66
2005-11-29,68.1
2005-11-30,67.82
2005-12-1,71.6
2005-12-2,72.63
2005-12-5,71.82
2005-12-6,74.05
2005-12-7,73.95
2005-12-8,74.08
2005-12-9,74.33
2005-12-12,74.91
2005-12-13,74.98
2005-12-14,72.01
2005-12-15,72.18
2005-12-16,71.11
2005-12-19,71.38
2005-12-20,72.11
2005-12-21,73.5
2005-12-22,74.02
2005-12-23,73.35
2005-12-27,74.23
2005-12-28,73.57
2005-12-29,71.45
2005-12-30,71.89
2006-1-3,74.75
2006-1-4,74.97
2006-1-5,74.38
2006-1-6,76.3
2006-1-9,76.05
2006-1-10,80.86
2006-1-11,83.9
2006-1-12,84.29
2006-1-13,85.59
2006-1-17,84.71
2006-1-18,82.49
2006-1-19,79.04
2006-1-20,76.09
2006-1-23,77.67
2006-1-24,76.04
2006-1-25,74.2
2006-1-26,72.33
2006-1-27,72.03
2006-1-30,75
2006-1-31,75.51
2006-2-1,75.42
2006-2-2,72.1
2006-2-3,71.85
2006-2-6,67.3
2006-2-7,67.6
2006-2-8,68.81
2006-2-9,64.95
2006-2-10,67.31
2006-2-13,64.71
2006-2-14,67.64
2006-2-15,69.22
2006-2-16,70.57
2006-2-17,70.29
2006-2-21,69.08
2006-2-22,71.32
2006-2-23,71.75
2006-2-24,71.46
2006-2-27,70.99
2006-2-28,68.49
2006-3-1,69.1
2006-3-2,69.61
2006-3-3,67.72
2006-3-6,65.48
2006-3-7,66.31
2006-3-8,65.66
2006-3-9,63.93
2006-3-10,63.19
2006-3-13,65.68
2006-3-14,67.32
2006-3-15,66.23
2006-3-16,64.31
2006-3-17,64.66
2006-3-20,63.99
2006-3-21,61.81
2006-3-22,61.67
2006-3-23,60.16
2006-3-24,59.96
2006-3-27,59.51
2006-3-28,58.71
2006-3-29,62.33
2006-3-30,62.75
2006-3-31,62.72
2006-4-3,62.65
2006-4-4,61.17
2006-4-5,67.21
2006-4-6,71.24
2006-4-7,69.79
2006-4-10,68.67
2006-4-11,67.99
2006-4-12,66.71
2006-4-13,66.47
2006-4-17,64.81
2006-4-18,66.22
2006-4-19,65.65
2006-4-20,67.63
2006-4-21,67.04
2006-4-24,65.75
2006-4-25,66.17
2006-4-26,68.15
2006-4-27,69.36
2006-4-28,70.39
2006-5-1,69.6
2006-5-2,71.62
2006-5-3,71.14
2006-5-4,71.13
2006-5-5,71.89
2006-5-8,71.89
2006-5-9,71.03
2006-5-10,70.6
2006-5-11,68.15
2006-5-12,67.7
2006-5-15,67.79
2006-5-16,64.98
2006-5-17,65.26
2006-5-18,63.18
2006-5-19,64.51
2006-5-22,63.38
2006-5-23,63.15
2006-5-24,63.34
2006-5-25,64.33
2006-5-26,63.55
2006-5-30,61.22
2006-5-31,59.77
2006-6-1,62.17
2006-6-2,61.66
2006-6-5,60
2006-6-6,59.72
2006-6-7,58.56
2006-6-8,60.76
2006-6-9,59.24
2006-6-12,57
2006-6-13,58.33
2006-6-14,57.61
2006-6-15,59.38
2006-6-16,57.56
2006-6-19,57.2
2006-6-20,57.47
2006-6-21,57.86
2006-6-22,59.58
2006-6-23,58.83
2006-6-26,58.99
2006-6-27,57.43
2006-6-28,56.02
2006-6-29,58.97
2006-6-30,57.27
2006-7-3,57.95
2006-7-5,57
2006-7-6,55.77
2006-7-7,55.4
2006-7-10,55
2006-7-11,55.65
2006-7-12,52.96
2006-7-13,52.25
2006-7-14,50.67
2006-7-17,52.37
2006-7-18,52.9
2006-7-19,54.1
2006-7-20,60.5
2006-7-21,60.72
2006-7-24,61.42
2006-7-25,61.93
2006-7-26,63.87
2006-7-27,63.4
2006-7-28,65.59
2006-7-31,67.96
2006-8-1,67.18
2006-8-2,68.16
2006-8-3,69.59
2006-8-4,68.3
2006-8-7,67.21
2006-8-8,64.78
2006-8-9,63.59
2006-8-10,64.07
2006-8-11,63.65
2006-8-14,63.94
2006-8-15,66.45
2006-8-16,67.98
2006-8-17,67.59
2006-8-18,67.91
2006-8-21,66.56
2006-8-22,67.62
2006-8-23,67.31
2006-8-24,67.81
2006-8-25,68.75
2006-8-28,66.98
2006-8-29,66.48
2006-8-30,66.96
2006-8-31,67.85
2006-9-1,68.38
2006-9-5,71.48
2006-9-6,70.03
2006-9-7,72.8
2006-9-8,72.52
2006-9-11,72.5
2006-9-12,72.63
2006-9-13,74.2
2006-9-14,74.17
2006-9-15,74.1
2006-9-18,73.89
2006-9-19,73.77
2006-9-20,75.26
2006-9-21,74.65
2006-9-22,73
2006-9-25,75.75
2006-9-26,77.61
2006-9-27,76.41
2006-9-28,77.01
2006-9-29,76.98
2006-10-2,74.86
2006-10-3,74.08
2006-10-4,75.38
2006-10-5,74.83
2006-10-6,74.22
2006-10-9,74.63
2006-10-10,73.81
2006-10-11,73.23
2006-10-12,75.26
2006-10-13,75.02
2006-10-16,75.4
2006-10-17,74.29
2006-10-18,74.53
2006-10-19,78.99
2006-10-20,79.95
2006-10-23,81.46
2006-10-24,81.05
2006-10-25,81.68
2006-10-26,82.19
2006-10-27,80.41
2006-10-30,80.42
2006-10-31,81.08
2006-11-1,79.16
2006-11-2,78.98
2006-11-3,78.29
2006-11-6,79.71
2006-11-7,80.51
2006-11-8,82.45
2006-11-9,83.34
2006-11-10,83.12
2006-11-13,84.35
2006-11-14,85
2006-11-15,84.05
2006-11-16,85.61
2006-11-17,85.85
2006-11-20,86.47
2006-11-21,88.6
2006-11-22,90.31
2006-11-24,91.63
2006-11-27,89.54
2006-11-28,91.81
2006-11-29,91.8
2006-11-30,91.66
2006-12-1,91.32
2006-12-4,91.12
2006-12-5,91.27
2006-12-6,89.83
2006-12-7,87.04
2006-12-8,88.26
2006-12-11,88.75
2006-12-12,86.14
2006-12-13,89.05
2006-12-14,88.55
2006-12-15,87.72
2006-12-18,85.47
2006-12-19,86.31
2006-12-20,84.76
2006-12-21,82.9
2006-12-22,82.2
2006-12-26,81.51
2006-12-27,81.52
2006-12-28,80.87
2006-12-29,84.84
2007-1-3,83.8
2007-1-4,85.66
2007-1-5,85.05
2007-1-8,85.47
2007-1-9,92.57
2007-1-10,97
2007-1-11,95.8
2007-1-12,94.62
2007-1-16,97.1
2007-1-17,94.95
2007-1-18,89.07
2007-1-19,88.5
2007-1-22,86.79
2007-1-23,85.7
2007-1-24,86.7
2007-1-25,86.25
2007-1-26,85.38
2007-1-29,85.94
2007-1-30,85.55
2007-1-31,85.73
2007-2-1,84.74
2007-2-2,84.75
2007-2-5,83.94
2007-2-6,84.15
2007-2-7,86.15
2007-2-8,86.18
2007-2-9,83.27
2007-2-12,84.88
2007-2-13,84.7
2007-2-14,85.3
2007-2-15,85.21
2007-2-16,84.83
2007-2-20,85.9
2007-2-21,89.2
2007-2-22,89.51
2007-2-23,89.07
2007-2-26,88.51
2007-2-27,83.93
2007-2-28,84.61
2007-3-1,87.06
2007-3-2,85.41
2007-3-5,86.32
2007-3-6,88.19
2007-3-7,87.72
2007-3-8,88
2007-3-9,87.97
2007-3-12,89.87
2007-3-13,88.4
2007-3-14,90
2007-3-15,89.57
2007-3-16,89.59
2007-3-19,91.13
2007-3-20,91.48
2007-3-21,93.87
2007-3-22,93.96
2007-3-23,93.52
2007-3-26,95.85
2007-3-27,95.46
2007-3-28,93.24
2007-3-29,93.75
2007-3-30,92.91
2007-4-2,93.65
2007-4-3,94.5
2007-4-4,94.27
2007-4-5,94.68
2007-4-9,93.65
2007-4-10,94.25
2007-4-11,92.59
2007-4-12,92.19
2007-4-13,90.24
2007-4-16,91.43
2007-4-17,90.35
2007-4-18,90.4
2007-4-19,90.27
2007-4-20,90.97
2007-4-23,93.51
2007-4-24,93.24
2007-4-25,95.35
2007-4-26,98.84
2007-4-27,99.92
2007-4-30,99.8
2007-5-1,99.47
2007-5-2,100.39
2007-5-3,100.4
2007-5-4,100.81
2007-5-7,103.92
2007-5-8,105.06
2007-5-9,106.88
2007-5-10,107.34
2007-5-11,108.74
2007-5-14,109.36
2007-5-15,107.52
2007-5-16,107.34
2007-5-17,109.44
2007-5-18,110.02
2007-5-21,111.98
2007-5-22,113.54
2007-5-23,112.89
2007-5-24,110.69
2007-5-25,113.62
2007-5-29,114.35
2007-5-30,118.77
2007-5-31,121.19
2007-6-1,118.4
2007-6-4,121.33
2007-6-5,122.67
2007-6-6,123.64
2007-6-7,124.07
2007-6-8,124.49
2007-6-11,120.19
2007-6-12,120.38
2007-6-13,117.5
2007-6-14,118.75
2007-6-15,120.5
2007-6-18,125.09
2007-6-19,123.66
2007-6-20,121.55
2007-6-21,123.9
2007-6-22,123
2007-6-25,122.34
2007-6-26,119.65
2007-6-27,121.89
2007-6-28,120.56
2007-6-29,122.04
2007-7-2,121.26
2007-7-3,127.17
2007-7-5,132.75
2007-7-6,132.3
2007-7-9,130.33
2007-7-10,132.35
2007-7-11,132.39
2007-7-12,134.07
2007-7-13,137.73
2007-7-16,138.1
2007-7-17,138.91
2007-7-18,138.12
2007-7-19,140
2007-7-20,143.75
2007-7-23,143.7
2007-7-24,134.89
2007-7-25,137.26
2007-7-26,146
2007-7-27,143.85
2007-7-30,141.43
2007-7-31,131.76
2007-8-1,135
2007-8-2,136.49
2007-8-3,131.85
2007-8-6,135.25
2007-8-7,135.03
2007-8-8,134.01
2007-8-9,126.39
2007-8-10,125
2007-8-13,127.79
2007-8-14,124.03
2007-8-15,119.9
2007-8-16,117.05
2007-8-17,122.06
2007-8-20,122.22
2007-8-21,127.57
2007-8-22,132.51
2007-8-23,131.07
2007-8-24,135.3
2007-8-27,132.25
2007-8-28,126.82
2007-8-29,134.08
2007-8-30,136.25
2007-8-31,138.48
2007-9-4,144.16
2007-9-5,136.76
2007-9-6,135.01
2007-9-7,131.77
2007-9-10,136.71
2007-9-11,135.49
2007-9-12,136.85
2007-9-13,137.2
2007-9-14,138.81
2007-9-17,138.41
2007-9-18,140.92
2007-9-19,140.77
2007-9-20,140.31
2007-9-21,144.15
2007-9-24,148.28
2007-9-25,153.18
2007-9-26,152.77
2007-9-27,154.5
2007-9-28,153.47
2007-10-1,156.34
2007-10-2,158.45
2007-10-3,157.92
2007-10-4,156.24
2007-10-5,161.45
2007-10-8,167.91
2007-10-9,167.86
2007-10-10,166.79
2007-10-11,162.23
2007-10-12,167.25
2007-10-15,166.98
2007-10-16,169.58
2007-10-17,172.75
2007-10-18,173.5
2007-10-19,170.42
2007-10-22,174.36
2007-10-23,186.16
2007-10-24,185.93
2007-10-25,182.78
2007-10-26,184.7
2007-10-29,185.09
2007-10-30,187
2007-10-31,189.95
2007-11-1,187.44
2007-11-2,187.87
2007-11-5,186.18
2007-11-6,191.79
2007-11-7,186.3
2007-11-8,175.47
2007-11-9,165.37
2007-11-12,153.76
2007-11-13,169.96
2007-11-14,166.11
2007-11-15,164.3
2007-11-16,166.39
2007-11-19,163.95
2007-11-20,168.85
2007-11-21,168.46
2007-11-23,171.54
2007-11-26,172.54
2007-11-27,174.81
2007-11-28,180.22
2007-11-29,184.29
2007-11-30,182.22
2007-12-3,178.86
2007-12-4,179.81
2007-12-5,185.5
2007-12-6,189.95
2007-12-7,194.3
2007-12-10,194.21
2007-12-11,188.54
2007-12-12,190.86
2007-12-13,191.83
2007-12-14,190.39
2007-12-17,184.4
2007-12-18,182.98
2007-12-19,183.12
2007-12-20,187.21
2007-12-21,193.91
2007-12-24,198.8
2007-12-26,198.95
2007-12-27,198.57
2007-12-28,199.83
2007-12-31,198.08
2008-1-2,194.84
2008-1-3,194.93
2008-1-4,180.05
2008-1-7,177.64
2008-1-8,171.25
2008-1-9,179.4
2008-1-10,178.02
2008-1-11,172.69
2008-1-14,178.78
2008-1-15,169.04
2008-1-16,159.64
2008-1-17,160.89
2008-1-18,161.36
2008-1-22,155.64
2008-1-23,139.07
2008-1-24,135.6
2008-1-25,130.01
2008-1-28,130.01
2008-1-29,131.54
2008-1-30,132.18
2008-1-31,135.36
2008-2-1,133.75
2008-2-4,131.65
2008-2-5,129.36
2008-2-6,122
2008-2-7,121.24
2008-2-8,125.48
2008-2-11,129.45
2008-2-12,124.86
2008-2-13,129.4
2008-2-14,127.46
2008-2-15,124.63
2008-2-19,122.18
2008-2-20,123.82
2008-2-21,121.54
2008-2-22,119.46
2008-2-25,119.74
2008-2-26,119.15
2008-2-27,122.96
2008-2-28,129.91
2008-2-29,125.02
2008-3-3,121.73
2008-3-4,124.62
2008-3-5,124.49
2008-3-6,120.93
2008-3-7,122.25
2008-3-10,119.69
2008-3-11,127.35
2008-3-12,126.03
2008-3-13,127.94
2008-3-14,126.61
2008-3-17,126.73
2008-3-18,132.82
2008-3-19,129.67
2008-3-20,133.27
2008-3-24,139.53
2008-3-25,140.98
2008-3-26,145.06
2008-3-27,140.25
2008-3-28,143.01
2008-3-31,143.5
2008-4-1,149.53
2008-4-2,147.49
2008-4-3,151.61
2008-4-4,153.08
2008-4-7,155.89
2008-4-8,152.84
2008-4-9,151.44
2008-4-10,154.55
2008-4-11,147.14
2008-4-14,147.78
2008-4-15,148.38
2008-4-16,153.7
2008-4-17,154.49
2008-4-18,161.04
2008-4-21,168.16
2008-4-22,160.2
2008-4-23,162.89
2008-4-24,168.94
2008-4-25,169.73
2008-4-28,172.24
2008-4-29,175.05
2008-4-30,173.95
2008-5-1,180
2008-5-2,180.94
2008-5-5,184.73
2008-5-6,186.66
2008-5-7,182.59
2008-5-8,185.06
2008-5-9,183.45
2008-5-12,188.16
2008-5-13,189.96
2008-5-14,186.26
2008-5-15,189.73
2008-5-16,187.62
2008-5-19,183.6
2008-5-20,185.9
2008-5-21,178.19
2008-5-22,177.05
2008-5-23,181.17
2008-5-27,186.43
2008-5-28,187.01
2008-5-29,186.69
2008-5-30,188.75
2008-6-2,186.1
2008-6-3,185.37
2008-6-4,185.19
2008-6-5,189.43
2008-6-6,185.64
2008-6-9,181.61
2008-6-10,185.64
2008-6-11,180.81
2008-6-12,173.26
2008-6-13,172.37
2008-6-16,176.84
2008-6-17,181.43
2008-6-18,178.75
2008-6-19,180.9
2008-6-20,175.27
2008-6-23,173.16
2008-6-24,173.25
2008-6-25,177.39
2008-6-26,168.26
2008-6-27,170.09
2008-6-30,167.44
2008-7-1,174.68
2008-7-2,168.18
2008-7-3,170.12
2008-7-7,175.16
2008-7-8,179.55
2008-7-9,174.25
2008-7-10,176.63
2008-7-11,172.58
2008-7-14,173.88
2008-7-15,169.64
2008-7-16,172.81
2008-7-17,171.81
2008-7-18,165.15
2008-7-21,166.29
2008-7-22,162.02
2008-7-23,166.26
2008-7-24,159.03
2008-7-25,162.12
2008-7-28,154.4
2008-7-29,157.08
2008-7-30,159.88
2008-7-31,158.95
2008-8-1,156.66
2008-8-4,153.23
2008-8-5,160.64
2008-8-6,164.19
2008-8-7,163.57
2008-8-8,169.55
2008-8-11,173.56
2008-8-12,176.73
2008-8-13,179.3
2008-8-14,179.32
2008-8-15,175.74
2008-8-18,175.39
2008-8-19,173.53
2008-8-20,175.84
2008-8-21,174.29
2008-8-22,176.79
2008-8-25,172.55
2008-8-26,173.64
2008-8-27,174.67
2008-8-28,173.74
2008-8-29,169.53
2008-9-2,166.19
2008-9-3,166.96
2008-9-4,161.22
2008-9-5,160.18
2008-9-8,157.92
2008-9-9,151.68
2008-9-10,151.61
2008-9-11,152.65
2008-9-12,148.94
2008-9-15,140.36
2008-9-16,139.88
2008-9-17,127.83
2008-9-18,134.09
2008-9-19,140.91
2008-9-22,131.05
2008-9-23,126.84
2008-9-24,128.71
2008-9-25,131.93
2008-9-26,128.24
2008-9-29,105.26
2008-9-30,113.66
2008-10-1,109.12
2008-10-2,100.1
2008-10-3,97.07
2008-10-6,98.14
2008-10-7,89.16
2008-10-8,89.79
2008-10-9,88.74
2008-10-10,96.8
2008-10-13,110.26
2008-10-14,104.08
2008-10-15,97.95
2008-10-16,101.89
2008-10-17,97.4
2008-10-20,98.44
2008-10-21,91.49
2008-10-22,96.87
2008-10-23,98.23
2008-10-24,96.38
2008-10-27,92.09
2008-10-28,99.91
2008-10-29,104.55
2008-10-30,111.04
2008-10-31,107.59
2008-11-3,106.96
2008-11-4,110.99
2008-11-5,103.3
2008-11-6,99.1
2008-11-7,98.24
2008-11-10,95.88
2008-11-11,94.77
2008-11-12,90.12
2008-11-13,96.44
2008-11-14,90.24
2008-11-17,88.14
2008-11-18,89.91
2008-11-19,86.29
2008-11-20,80.49
2008-11-21,82.58
2008-11-24,92.95
2008-11-25,90.8
2008-11-26,95
2008-11-28,92.67
2008-12-1,88.93
2008-12-2,92.47
2008-12-3,95.9
2008-12-4,91.41
2008-12-5,94
2008-12-8,99.72
2008-12-9,100.06
2008-12-10,98.21
2008-12-11,95
2008-12-12,98.27
2008-12-15,94.75
2008-12-16,95.43
2008-12-17,89.16
2008-12-18,89.43
2008-12-19,90
2008-12-22,85.74
2008-12-23,86.38
2008-12-24,85.04
2008-12-26,85.81
2008-12-29,86.61
2008-12-30,86.29
2008-12-31,85.35
2009-1-2,90.75
2009-1-5,94.58
2009-1-6,93.02
2009-1-7,91.01
2009-1-8,92.7
2009-1-9,90.58
2009-1-12,88.66
2009-1-13,87.71
2009-1-14,85.33
2009-1-15,83.38
2009-1-16,82.33
2009-1-20,78.2
2009-1-21,82.83
2009-1-22,88.36
2009-1-23,88.36
2009-1-26,89.64
2009-1-27,90.73
2009-1-28,94.2
2009-1-29,93
2009-1-30,90.13
2009-2-2,91.51
2009-2-3,92.98
2009-2-4,93.55
2009-2-5,96.46
2009-2-6,99.72
2009-2-9,102.51
2009-2-10,97.83
2009-2-11,96.82
2009-2-12,99.27
2009-2-13,99.16
2009-2-17,94.53
2009-2-18,94.37
2009-2-19,90.64
2009-2-20,91.2
2009-2-23,86.95
2009-2-24,90.25
2009-2-25,91.16
2009-2-26,89.19
2009-2-27,89.31
2009-3-2,87.94
2009-3-3,88.37
2009-3-4,91.17
2009-3-5,88.84
2009-3-6,85.3
2009-3-9,83.11
2009-3-10,88.63
2009-3-11,92.68
2009-3-12,96.35
2009-3-13,95.93
2009-3-16,95.42
2009-3-17,99.66
2009-3-18,101.52
2009-3-19,101.62
2009-3-20,101.59
2009-3-23,107.66
2009-3-24,106.5
2009-3-25,106.49
2009-3-26,109.87
2009-3-27,106.85
2009-3-30,104.49
2009-3-31,105.12
2009-4-1,108.69
2009-4-2,112.71
2009-4-3,115.99
2009-4-6,118.45
2009-4-7,115
2009-4-8,116.32
2009-4-9,119.57
2009-4-13,120.22
2009-4-14,118.31
2009-4-15,117.64
2009-4-16,121.45
2009-4-17,123.42
2009-4-20,120.5
2009-4-21,121.76
2009-4-22,121.51
2009-4-23,125.4
2009-4-24,123.9
2009-4-27,124.73
2009-4-28,123.9
2009-4-29,125.14
2009-4-30,125.83
2009-5-1,127.24
2009-5-4,132.07
2009-5-5,132.71
2009-5-6,132.5
2009-5-7,129.06
2009-5-8,129.19
2009-5-11,129.57
2009-5-12,124.42
2009-5-13,119.49
2009-5-14,122.95
2009-5-15,122.42
2009-5-18,126.65
2009-5-19,127.45
2009-5-20,125.87
2009-5-21,124.18
2009-5-22,122.5
2009-5-26,130.78
2009-5-27,133.05
2009-5-28,135.07
2009-5-29,135.81
2009-6-1,139.35
2009-6-2,139.49
2009-6-3,140.95
2009-6-4,143.74
2009-6-5,144.67
2009-6-8,143.85
2009-6-9,142.72
2009-6-10,140.25
2009-6-11,139.95
2009-6-12,136.97
2009-6-15,136.09
2009-6-16,136.35
2009-6-17,135.58
2009-6-18,135.88
2009-6-19,139.48
2009-6-22,137.37
2009-6-23,134.01
2009-6-24,136.22
2009-6-25,139.86
2009-6-26,142.44
2009-6-29,141.97
2009-6-30,142.43
2009-7-1,142.83
2009-7-2,140.02
2009-7-6,138.61
2009-7-7,135.4
2009-7-8,137.22
2009-7-9,136.36
2009-7-10,138.52
2009-7-13,142.34
2009-7-14,142.27
2009-7-15,146.88
2009-7-16,147.52
2009-7-17,151.75
2009-7-20,152.91
2009-7-21,151.51
2009-7-22,156.74
2009-7-23,157.82
2009-7-24,159.99
2009-7-27,160.1
2009-7-28,160
2009-7-29,160.03
2009-7-30,162.79
2009-7-31,163.39
2009-8-3,166.43
2009-8-4,165.55
2009-8-5,165.11
2009-8-6,163.91
2009-8-7,165.51
2009-8-10,164.72
2009-8-11,162.83
2009-8-12,165.31
2009-8-13,168.42
2009-8-14,166.78
2009-8-17,159.59
2009-8-18,164
2009-8-19,164.6
2009-8-20,166.33
2009-8-21,169.22
2009-8-24,169.06
2009-8-25,169.4
2009-8-26,167.41
2009-8-27,169.45
2009-8-28,170.05
2009-8-31,168.21
2009-9-1,165.3
2009-9-2,165.18
2009-9-3,166.55
2009-9-4,170.31
2009-9-8,172.93
2009-9-9,171.14
2009-9-10,172.56
2009-9-11,172.16
2009-9-14,173.72
2009-9-15,175.16
2009-9-16,181.87
2009-9-17,184.55
2009-9-18,185.02
2009-9-21,184.02
2009-9-22,184.48
2009-9-23,185.5
2009-9-24,183.82
2009-9-25,182.37
2009-9-28,186.15
2009-9-29,185.38
2009-9-30,185.35
2009-10-1,180.86
2009-10-2,184.9
2009-10-5,186.02
2009-10-6,190.01
2009-10-7,190.25
2009-10-8,189.27
2009-10-9,190.47
2009-10-12,190.81
2009-10-13,190.02
2009-10-14,191.29
2009-10-15,190.56
2009-10-16,188.05
2009-10-19,189.86
2009-10-20,198.76
2009-10-21,204.92
2009-10-22,205.2
2009-10-23,203.94
2009-10-26,202.48
2009-10-27,197.37
2009-10-28,192.4
2009-10-29,196.35
2009-10-30,188.5
2009-11-2,189.31
2009-11-3,188.75
2009-11-4,190.81
2009-11-5,194.03
2009-11-6,194.34
2009-11-9,201.46
2009-11-10,202.98
2009-11-11,203.25
2009-11-12,201.99
2009-11-13,204.45
2009-11-16,206.63
2009-11-17,207
2009-11-18,205.96
2009-11-19,200.51
2009-11-20,199.92
2009-11-23,205.88
2009-11-24,204.44
2009-11-25,204.19
2009-11-27,200.59
2009-11-30,199.91
2009-12-1,196.97
2009-12-2,196.23
2009-12-3,196.48
2009-12-4,193.32
2009-12-7,188.95
2009-12-8,189.87
2009-12-9,197.8
2009-12-10,196.43
2009-12-11,194.67
2009-12-14,196.98
2009-12-15,194.17
2009-12-16,195.03
2009-12-17,191.86
2009-12-18,195.43
2009-12-21,198.23
2009-12-22,200.36
2009-12-23,202.1
2009-12-24,209.04
2009-12-28,211.61
2009-12-29,209.1
2009-12-30,211.64
2009-12-31,210.73
2010-1-4,214.01
2010-1-5,214.38
2010-1-6,210.97
2010-1-7,210.58
2010-1-8,211.98
2010-1-11,210.11
2010-1-12,207.72
2010-1-13,210.65
2010-1-14,209.43
2010-1-15,205.93
2010-1-19,215.04
2010-1-20,211.73
2010-1-21,208.07
2010-1-22,197.75
2010-1-25,203.07
2010-1-26,205.94
2010-1-27,207.88
2010-1-28,199.29
2010-1-29,192.06
2010-2-1,194.73
2010-2-2,195.86
2010-2-3,199.23
2010-2-4,192.05
2010-2-5,195.46
2010-2-8,194.12
2010-2-9,196.19
2010-2-10,195.12
2010-2-11,198.67
2010-2-12,200.38
2010-2-16,203.4
2010-2-17,202.55
2010-2-18,202.93
2010-2-19,201.67
2010-2-22,200.42
2010-2-23,197.06
2010-2-24,200.66
2010-2-25,202
2010-2-26,204.62
2010-3-1,208.99
2010-3-2,208.85
2010-3-3,209.33
2010-3-4,210.71
2010-3-5,218.95
2010-3-8,219.08
2010-3-9,223.02
2010-3-10,224.84
2010-3-11,225.5
2010-3-12,226.6
2010-3-15,223.84
2010-3-16,224.45
2010-3-17,224.12
2010-3-18,224.65
2010-3-19,222.25
2010-3-22,224.75
2010-3-23,228.36
2010-3-24,229.37
2010-3-25,226.65
2010-3-26,230.9
2010-3-29,232.39
2010-3-30,235.85
2010-3-31,235
2010-4-1,235.97
2010-4-5,238.49
2010-4-6,239.54
2010-4-7,240.6
2010-4-8,239.95
2010-4-9,241.79
2010-4-12,242.29
2010-4-13,242.43
2010-4-14,245.69
2010-4-15,248.92
2010-4-16,247.4
2010-4-19,247.07
2010-4-20,244.59
2010-4-21,259.22
2010-4-22,266.47
2010-4-23,270.83
2010-4-26,269.5
2010-4-27,262.04
2010-4-28,261.6
2010-4-29,268.64
2010-4-30,261.09
2010-5-3,266.35
2010-5-4,258.68
2010-5-5,255.99
2010-5-6,246.25
2010-5-7,235.86
2010-5-10,253.99
2010-5-11,256.52
2010-5-12,262.09
2010-5-13,258.36
2010-5-14,253.82
2010-5-17,254.22
2010-5-18,252.36
2010-5-19,248.34
2010-5-20,237.76
2010-5-21,242.32
2010-5-24,246.76
2010-5-25,245.22
2010-5-26,244.11
2010-5-27,253.35
2010-5-28,256.88
2010-6-1,260.83
2010-6-2,263.95
2010-6-3,263.12
2010-6-4,255.96
2010-6-7,250.94
2010-6-8,249.33
2010-6-9,243.2
2010-6-10,250.51
2010-6-11,253.51
2010-6-14,254.28
2010-6-15,259.69
2010-6-16,267.25
2010-6-17,271.87
2010-6-18,274.07
2010-6-21,270.17
2010-6-22,273.85
2010-6-23,270.97
2010-6-24,269
2010-6-25,266.7
2010-6-28,268.3
2010-6-29,256.17
2010-6-30,251.53
2010-7-1,248.48
2010-7-2,246.94
2010-7-6,248.63
2010-7-7,258.67
2010-7-8,258.09
2010-7-9,259.62
2010-7-12,257.29
2010-7-13,251.8
2010-7-14,252.73
2010-7-15,251.45
2010-7-16,249.9
2010-7-19,245.58
2010-7-20,251.89
2010-7-21,254.24
2010-7-22,259.02
2010-7-23,259.94
2010-7-26,259.28
2010-7-27,264.08
2010-7-28,260.96
2010-7-29,258.11
2010-7-30,257.25
2010-8-2,261.85
2010-8-3,261.93
2010-8-4,262.98
2010-8-5,261.7
2010-8-6,260.09
2010-8-9,261.75
2010-8-10,259.41
2010-8-11,250.19
2010-8-12,251.79
2010-8-13,249.1
2010-8-16,247.64
2010-8-17,251.97
2010-8-18,253.07
2010-8-19,249.88
2010-8-20,249.64
2010-8-23,245.8
2010-8-24,239.93
2010-8-25,242.89
2010-8-26,240.28
2010-8-27,241.62
2010-8-30,242.5
2010-8-31,243.1
2010-9-1,250.33
2010-9-2,252.17
2010-9-3,258.77
2010-9-7,257.81
2010-9-8,262.92
2010-9-9,263.07
2010-9-10,263.41
2010-9-13,267.04
2010-9-14,268.06
2010-9-15,270.22
2010-9-16,276.57
2010-9-17,275.37
2010-9-20,283.23
2010-9-21,283.77
2010-9-22,287.75
2010-9-23,288.92
2010-9-24,292.32
2010-9-27,291.16
2010-9-28,286.86
2010-9-29,287.37
2010-9-30,283.75
2010-10-1,282.52
2010-10-4,278.64
2010-10-5,288.94
2010-10-6,289.19
2010-10-7,289.22
2010-10-8,294.07
2010-10-11,295.36
2010-10-12,298.54
2010-10-13,300.14
2010-10-14,302.31
2010-10-15,314.74
2010-10-18,318
2010-10-19,309.49
2010-10-20,310.53
2010-10-21,309.52
2010-10-22,307.47
2010-10-25,308.84
2010-10-26,308.05
2010-10-27,307.83
2010-10-28,305.24
2010-10-29,300.98
2010-11-1,304.18
2010-11-2,309.36
2010-11-3,312.8
2010-11-4,318.27
2010-11-5,317.13
2010-11-8,318.62
2010-11-9,316.08
2010-11-10,318.03
2010-11-11,316.65
2010-11-12,308.03
2010-11-15,307.04
2010-11-16,301.59
2010-11-17,300.5
2010-11-18,308.43
2010-11-19,306.73
2010-11-22,313.36
2010-11-23,308.73
2010-11-24,314.8
2010-11-26,315
2010-11-29,316.87
2010-11-30,311.15
2010-12-1,316.4
2010-12-2,318.15
2010-12-3,317.44
2010-12-6,320.15
2010-12-7,318.21
2010-12-8,321.01
2010-12-9,319.76
2010-12-10,320.56
2010-12-13,321.67
2010-12-14,320.29
2010-12-15,320.36
2010-12-16,321.25
2010-12-17,320.61
2010-12-20,322.21
2010-12-21,324.2
2010-12-22,325.16
2010-12-23,323.6
2010-12-27,324.68
2010-12-28,325.47
2010-12-29,325.29
2010-12-30,323.66
2010-12-31,322.56
2011-1-3,329.57
2011-1-4,331.29
2011-1-5,334
2011-1-6,333.73
2011-1-7,336.12
2011-1-10,342.45
2011-1-11,341.64
2011-1-12,344.42
2011-1-13,345.68
2011-1-14,348.48
2011-1-18,340.65
2011-1-19,338.84
2011-1-20,332.68
2011-1-21,326.72
2011-1-24,337.45
2011-1-25,341.4
2011-1-26,343.85
2011-1-27,343.21
2011-1-28,336.1
2011-1-31,339.32
2011-2-1,345.03
2011-2-2,344.32
2011-2-3,343.44
2011-2-4,346.5
2011-2-7,351.88
2011-2-8,355.2
2011-2-9,358.16
2011-2-10,354.54
2011-2-11,356.85
2011-2-14,359.18
2011-2-15,359.9
2011-2-16,363.13
2011-2-17,358.3
2011-2-18,350.56
2011-2-22,338.61
2011-2-23,342.62
2011-2-24,342.88
2011-2-25,348.16
2011-2-28,353.21
2011-3-1,349.31
2011-3-2,352.12
2011-3-3,359.56
2011-3-4,360
2011-3-7,355.36
2011-3-8,355.76
2011-3-9,352.47
2011-3-10,346.67
2011-3-11,351.99
2011-3-14,353.56
2011-3-15,345.43
2011-3-16,330.01
2011-3-17,334.64
2011-3-18,330.67
2011-3-21,339.3
2011-3-22,341.2
2011-3-23,339.19
2011-3-24,344.97
2011-3-25,351.54
2011-3-28,350.44
2011-3-29,350.96
2011-3-30,348.63
2011-3-31,348.51
2011-4-1,344.56
2011-4-4,341.19
2011-4-5,338.89
2011-4-6,338.04
2011-4-7,338.08
2011-4-8,335.06
2011-4-11,330.8
2011-4-12,332.4
2011-4-13,336.13
2011-4-14,332.42
2011-4-15,327.46
2011-4-18,331.85
2011-4-19,337.86
2011-4-20,342.41
2011-4-21,350.7
2011-4-25,353.01
2011-4-26,350.42
2011-4-27,350.15
2011-4-28,346.75
2011-4-29,350.13
2011-5-2,346.28
2011-5-3,348.2
2011-5-4,349.57
2011-5-5,346.75
2011-5-6,346.66
2011-5-9,347.6
2011-5-10,349.45
2011-5-11,347.23
2011-5-12,346.57
2011-5-13,340.5
2011-5-16,333.3
2011-5-17,336.14
2011-5-18,339.87
2011-5-19,340.53
2011-5-20,335.22
2011-5-23,334.4
2011-5-24,332.19
2011-5-25,336.78
2011-5-26,335
2011-5-27,337.41
2011-5-31,347.83
2011-6-1,345.51
2011-6-2,346.1
2011-6-3,343.44
2011-6-6,338.04
2011-6-7,332.04
2011-6-8,332.24
2011-6-9,331.49
2011-6-10,325.9
2011-6-13,326.6
2011-6-14,332.44
2011-6-15,326.75
2011-6-16,325.16
2011-6-17,320.26
2011-6-20,315.32
2011-6-21,325.3
2011-6-22,322.61
2011-6-23,331.23
2011-6-24,326.35
2011-6-27,332.04
2011-6-28,335.26
2011-6-29,334.04
2011-6-30,335.67
2011-7-1,343.26
2011-7-5,349.43
2011-7-6,351.76
2011-7-7,357.2
2011-7-8,359.71
2011-7-11,354
2011-7-12,353.75
2011-7-13,358.02
2011-7-14,357.77
2011-7-15,364.92
2011-7-18,373.8
2011-7-19,376.85
2011-7-20,386.9
2011-7-21,387.29
2011-7-22,393.3
2011-7-25,398.5
2011-7-26,403.41
2011-7-27,392.59
2011-7-28,391.82
2011-7-29,390.48
2011-8-1,396.75
2011-8-2,388.91
2011-8-3,392.57
2011-8-4,377.37
2011-8-5,373.62
2011-8-8,353.21
2011-8-9,374.01
2011-8-10,363.69
2011-8-11,373.7
2011-8-12,376.99
2011-8-15,383.41
2011-8-16,380.48
2011-8-17,380.44
2011-8-18,366.05
2011-8-19,356.03
2011-8-22,356.44
2011-8-23,373.6
2011-8-24,376.18
2011-8-25,373.72
2011-8-26,383.58
2011-8-29,389.97
2011-8-30,389.99
2011-8-31,384.83
2011-9-1,381.03
2011-9-2,374.05
2011-9-6,379.74
2011-9-7,383.93
2011-9-8,384.14
2011-9-9,377.48
2011-9-12,379.94
2011-9-13,384.62
2011-9-14,389.3
2011-9-15,392.96
2011-9-16,400.5
2011-9-19,411.63
2011-9-20,413.45
2011-9-21,412.14
2011-9-22,401.82
2011-9-23,404.3
2011-9-26,403.17
2011-9-27,399.26
2011-9-28,397.01
2011-9-29,390.57
2011-9-30,381.32
2011-10-3,374.6
2011-10-4,372.5
2011-10-5,378.25
2011-10-6,377.37
2011-10-7,369.8
2011-10-10,388.81
2011-10-11,400.29
2011-10-12,402.19
2011-10-13,408.43
2011-10-14,422
